ticket_id,opened_at,domain,asset,component,error_code,severity,status,team,title,description,resolution,resolved_hours
INC-2026-04511,2026-03-19T22:15,Energy,Substation Kollsnes,Protection relay,ERR-7120,Critical,Resolved,SCADA,Feeder lost supply without cause,"Supply dropped with no weather, no work in progress and nothing on the overhead.",Relay setting group left on the commissioning profile. Restored operational settings.,7.2
INC-2026-04857,2026-01-20T07:00,Payments,Gateway Core,Card authorisation,ERR-4001,Critical,Resolved,Core Banking,Elevated decline rate on card payments,Success rate dropped from its usual level to around eighty percent over about ten minutes.,Connection pool exhausted after a traffic spike. Raised the pool size and added backpressure.,5.1
INC-2026-04825,2026-07-26T12:45,Retail,Store 022 Trondheim,Inventory sync,ERR-6410,Medium,Closed,E-commerce,Stock levels out of step with warehouse,Customers are ordering items that ran out before the order was even placed.,Message queue backed up behind a poison message. Removed it and replayed the remainder.,9.4
INC-2026-04592,2026-04-19T10:15,Maritime,MV Kvitøy,Fuel system,ERR-5140,High,Resolved,Hull & Deck,Fuel pressure fluctuating on auxiliary engine,Reading is restless. It never sits still long enough to take a proper number off it.,Lift pump diaphragm perished. Renewed the pump and confirmed steady supply pressure.,5.9
INC-2026-04938,2026-06-21T15:00,Retail,Store 014 Oslo,Inventory sync,ERR-6410,Medium,In Progress,Store Systems,Counts disagree between systems,"Figures are a day behind, so every decision this morning was made on yesterday's picture.",,
INC-2026-04958,2026-02-22T03:45,Retail,DC Larvik,Inventory sync,ERR-6410,High,Closed,Logistics,Counts disagree between systems,"The website is offering products the shelf does not actually have, and customers arrive to collect nothing.",Message queue backed up behind a poison message. Removed it and replayed the remainder.,17.0
INC-2026-04484,2026-01-17T04:45,Retail,Store 022 Trondheim,Inventory sync,ERR-6410,Low,Resolved,Logistics,Stock levels out of step with warehouse,"Figures are a day behind, so every decision this morning was made on yesterday's picture.",Message queue backed up behind a poison message. Removed it and replayed the remainder.,2.3
INC-2026-04270,2026-03-25T06:15,Energy,Substation Rong,Transformer cooling,ERR-7744,Medium,Closed,SCADA,Overtemperature warning during evening peak,"Sits several degrees above where it has historically run, with load unchanged.","Two cooling fans had failed. Replaced both, temperature returned to its normal profile within the hour.",23.7
INC-2026-04070,2026-01-25T11:15,Retail,Store 014 Oslo,Point of sale,ERR-6205,Medium,Resolved,E-commerce,Till freezing during busy period,"Goes down on its own without anyone touching it, then comes back a minute later.",Failing memory module. Swapped the board and soak tested through a full trading day.,6.0
INC-2026-04537,2026-05-12T16:00,Payments,Gateway North,Fraud scoring,ERR-4102,Medium,Resolved,Payments Platform,False positives spiking on new rule,Analysts are drowning in referrals that turn out to be perfectly ordinary purchases.,Feature store query missing an index after a schema change. Index rebuilt and latency recovered.,7.5
INC-2026-04307,2026-06-03T17:30,Retail,DC Vestby,Point of sale,ERR-6205,Medium,Closed,E-commerce,Lane out of service at peak,"Goes down on its own without anyone touching it, then comes back a minute later.",Failing memory module. Swapped the board and soak tested through a full trading day.,2.5
INC-2026-04065,2026-08-23T17:45,Maritime,MV Bergen Star,Fuel system,ERR-5140,High,Closed,Hull & Deck,Fuel pressure fluctuating on auxiliary engine,Engine drops revs briefly every few minutes then recovers on its own.,Fuel filter partially blocked. Replaced the element and bled the system.,9.6
INC-2026-04487,2026-06-16T19:45,Energy,Substation Rong,SCADA link,ERR-3310,Medium,Resolved,Substation Field,SCADA polling timeouts overnight,"Values freeze at their last figure, then jump to current once contact returns.",Failing media converter at the site end. Swapped the unit and the gaps stopped.,2.2
INC-2026-04458,2026-04-23T23:00,Maritime,MV Bergen Star,Navigation display,ERR-2203,Medium,Closed,Rotating Equipment,Console blanking intermittently,"Display goes dark without warning and comes back after a minute, nothing in the alarm log.",Firmware defect in the chart renderer. Applied vendor patch 4.2.1.,4.0
INC-2026-04813,2026-01-23T22:15,Payments,Gateway West,Card authorisation,ERR-4001,Medium,Resolved,Fraud Engineering,Authorisation success rate dropped,"Customers say payment spins and then fails, and a retry usually works on the second attempt.","Expired certificate on the acquirer link. Renewed and redeployed, success rate normalised.",4.1
INC-2026-04177,2026-09-01T00:15,Maritime,MV Havbris,Navigation display,ERR-2203,Medium,Resolved,Hull & Deck,Console blanking intermittently,"Watchkeeper cannot interact with it for short spells, then it wakes up again.","Loose display cable at the bulkhead connector. Reseated and secured, no further dropouts.",2.0
INC-2026-04648,2026-08-10T22:00,Maritime,MV Bergen Star,Navigation display,ERR-2203,Low,Resolved,Bridge Systems,Console blanking intermittently,Console stops responding to touch and only recovers after a power cycle.,Failing power supply in the console. Replaced the unit and monitored for a full watch.,5.3
INC-2026-04803,2026-02-04T16:15,Energy,Substation Rong,SCADA link,ERR-3310,Low,Closed,Substation Field,Outstation dropping off the system,"Nothing reported in from that location for a stretch, with no alarm to say why.",Polling interval too aggressive after a config change. Reverted to the previous setting.,8.7
INC-2026-04744,2026-03-07T05:00,Energy,Substation Fana,Transformer cooling,ERR-7744,High,Resolved,Grid Operations,Overtemperature warning during evening peak,Temperature creeping up over several days with no change in demand to explain it.,Blocked airflow from vegetation growth against the enclosure. Cleared and trimmed back.,4.4
INC-2026-04952,2026-04-16T19:30,Energy,Substation Ålgård,Transformer cooling,ERR-7744,High,Resolved,Grid Operations,Overtemperature warning during evening peak,Readings climb steadily through the afternoon peak and no longer settle overnight the way they used to.,Blocked airflow from vegetation growth against the enclosure. Cleared and trimmed back.,25.7
INC-2026-04568,2026-03-20T01:45,Retail,Store 031 Bergen,Receipt printer,ERR-6250,Low,Resolved,Store Systems,Printing stops partway through a sale,No paper comes through even though everything else about the sale worked.,Paper sensor dirty and reporting empty. Cleaned and recalibrated.,1.2
INC-2026-04752,2026-03-05T18:45,Maritime,MV Havbris,Fuel system,ERR-5140,Medium,Closed,Bridge Systems,Uneven running on auxiliary engine,Reading is restless. It never sits still long enough to take a proper number off it.,Lift pump diaphragm perished. Renewed the pump and confirmed steady supply pressure.,3.0
INC-2026-04433,2026-04-03T07:45,Energy,Substation Rong,Transformer cooling,ERR-7744,High,Resolved,SCADA,Unit running warmer than its neighbours,Readings climb steadily through the afternoon peak and no longer settle overnight the way they used to.,"Two cooling fans had failed. Replaced both, temperature returned to its normal profile within the hour.",16.0
INC-2026-04243,2026-06-11T06:15,Maritime,MV Kvitøy,Navigation display,ERR-2203,Medium,Resolved,Rotating Equipment,Chart display freezing on bridge console,"Unit drops out briefly two or three times a watch, always without an alarm.",Failing power supply in the console. Replaced the unit and monitored for a full watch.,4.2
INC-2026-04104,2026-07-14T08:15,Energy,Substation Kollsnes,SCADA link,ERR-3310,Medium,Resolved,Grid Operations,SCADA polling timeouts overnight,"Control room had no readings from the site for about twenty minutes, then everything reappeared at once.",Polling interval too aggressive after a config change. Reverted to the previous setting.,2.2
INC-2026-04660,2026-04-08T00:00,Payments,Gateway North,Card authorisation,ERR-4001,Critical,Closed,Payments Platform,Authorisation success rate dropped,"A fifth of attempts are bouncing back, where it is normally a rounding error.","Expired certificate on the acquirer link. Renewed and redeployed, success rate normalised.",4.2
INC-2026-04844,2026-02-02T23:30,Maritime,MV Bergen Star,Navigation display,ERR-2203,Medium,Closed,Bridge Systems,Bridge display unresponsive during watch,"Display goes dark without warning and comes back after a minute, nothing in the alarm log.","Loose display cable at the bulkhead connector. Reseated and secured, no further dropouts.",6.9
INC-2026-04777,2026-06-10T08:15,Retail,DC Vestby,Inventory sync,ERR-6410,High,Resolved,E-commerce,Counts disagree between systems,Customers are ordering items that ran out before the order was even placed.,Clock skew between systems caused updates to be discarded as out of order. Corrected NTP.,16.8
INC-2026-04567,2026-08-26T03:00,Energy,Substation Rong,SCADA link,ERR-3310,Medium,Resolved,Grid Operations,Outstation dropping off the system,Data stopped arriving during the night shift and backfilled automatically once the link recovered.,Polling interval too aggressive after a config change. Reverted to the previous setting.,9.8
INC-2026-04087,2026-02-01T10:15,Payments,Gateway North,Settlement batch,ERR-4310,High,In Progress,Fraud Engineering,Settlement file rejected by clearing,Job died in the middle and had to be picked up again from where it gave out.,,
INC-2026-04403,2026-04-14T19:00,Retail,DC Vestby,Point of sale,ERR-6205,High,Closed,E-commerce,Lane out of service at peak,Screen stops accepting input at the worst moment and the sale has to be started again.,Thermal shutdown from blocked vents behind the counter. Relocated and cleaned.,8.6
INC-2026-04948,2026-03-27T22:45,Energy,Substation Ålgård,Protection relay,ERR-7120,Critical,Closed,Grid Operations,Relay operated with no fault found,Trip with no accompanying disturbance recorded anywhere on the network.,Relay setting group left on the commissioning profile. Restored operational settings.,17.5
INC-2026-04499,2026-05-27T00:30,Retail,Store 031 Bergen,Inventory sync,ERR-6410,High,Resolved,E-commerce,Counts disagree between systems,Customers are ordering items that ran out before the order was even placed.,Message queue backed up behind a poison message. Removed it and replayed the remainder.,15.5
INC-2026-04182,2026-06-23T11:15,Energy,Substation Kollsnes,Transformer cooling,ERR-7744,High,Resolved,SCADA,Overtemperature warning during evening peak,"Gradual rise on the trend, small each day, obvious across a month.",Radiator fins heavily fouled. Cleaned and flushed to restore rated cooling capacity.,15.3
INC-2026-04996,2026-08-01T21:00,Energy,Substation Rong,SCADA link,ERR-3310,Low,Resolved,SCADA,Outstation dropping off the system,"Values freeze at their last figure, then jump to current once contact returns.",Radio link degraded by weather. Repointed the antenna and improved the margin.,2.1
INC-2026-04464,2026-02-17T14:00,Payments,Gateway Core,Card authorisation,ERR-4001,Medium,Resolved,Fraud Engineering,Elevated decline rate on card payments,Success rate dropped from its usual level to around eighty percent over about ten minutes.,"Expired certificate on the acquirer link. Renewed and redeployed, success rate normalised.",3.0
INC-2026-04950,2026-01-19T15:30,Payments,Scoring Cluster A,Card authorisation,ERR-4001,High,Resolved,Core Banking,Elevated decline rate on card payments,Support is fielding complaints that the payment page hangs and then gives up.,Upstream acquirer degraded. Failed over to the secondary route and rates recovered immediately.,3.6
INC-2026-04795,2026-02-11T11:15,Energy,Substation Kollsnes,Transformer cooling,ERR-7744,Medium,Resolved,Substation Field,Overtemperature warning during evening peak,"Sits several degrees above where it has historically run, with load unchanged.",Radiator fins heavily fouled. Cleaned and flushed to restore rated cooling capacity.,5.1
INC-2026-04560,2026-07-15T23:45,Payments,Gateway Core,Card authorisation,ERR-4001,High,Resolved,Core Banking,Authorisation success rate dropped,People are being refused at the final step even though their cards are perfectly good.,Upstream acquirer degraded. Failed over to the secondary route and rates recovered immediately.,3.4
INC-2026-04768,2026-03-29T09:30,Retail,Store 022 Trondheim,Point of sale,ERR-6205,High,Resolved,Store Systems,Lane out of service at peak,Staff lose the lane completely and have to move the queue to the next one.,Thermal shutdown from blocked vents behind the counter. Relocated and cleaned.,2.3
INC-2026-04780,2026-05-10T14:15,Retail,DC Vestby,Inventory sync,ERR-6410,Low,Resolved,E-commerce,Online availability showing items that are sold out,"The website is offering products the shelf does not actually have, and customers arrive to collect nothing.","Sync job failing silently on malformed records. Added validation and alerting, then reprocessed the backlog.",19.5
INC-2026-04148,2026-05-25T05:45,Payments,Gateway Core,Card authorisation,ERR-4001,Critical,Resolved,Fraud Engineering,Elevated decline rate on card payments,People are being refused at the final step even though their cards are perfectly good.,"Expired certificate on the acquirer link. Renewed and redeployed, success rate normalised.",0.5
INC-2026-04244,2026-02-18T20:15,Retail,Store 022 Trondheim,Inventory sync,ERR-6410,Medium,Resolved,E-commerce,Online availability showing items that are sold out,"Figures are a day behind, so every decision this morning was made on yesterday's picture.",Message queue backed up behind a poison message. Removed it and replayed the remainder.,11.1
INC-2026-04138,2026-02-12T20:00,Retail,Store 022 Trondheim,Inventory sync,ERR-6410,Medium,Resolved,Store Systems,Counts disagree between systems,"Figures are a day behind, so every decision this morning was made on yesterday's picture.",Clock skew between systems caused updates to be discarded as out of order. Corrected NTP.,14.5
INC-2026-04273,2026-07-24T13:15,Energy,Substation Fana,SCADA link,ERR-3310,Medium,Closed,Substation Field,Outstation dropping off the system,"Nothing reported in from that location for a stretch, with no alarm to say why.",Radio link degraded by weather. Repointed the antenna and improved the margin.,5.1
INC-2026-04799,2026-07-24T16:15,Payments,Gateway North,Card authorisation,ERR-4001,Critical,Resolved,Payments Platform,Customers reporting failed checkout,People are being refused at the final step even though their cards are perfectly good.,Connection pool exhausted after a traffic spike. Raised the pool size and added backpressure.,2.0
INC-2026-04978,2026-04-17T00:15,Energy,Substation Fana,Protection relay,ERR-7120,Critical,Resolved,Grid Operations,Unexpected breaker trip on feeder,"Supply dropped with no weather, no work in progress and nothing on the overhead.","Moisture ingress in the relay panel causing spurious operation. Dried, sealed and retested.",10.9
INC-2026-04692,2026-03-14T00:45,Retail,Store 014 Oslo,Point of sale,ERR-6205,High,In Progress,E-commerce,Lane out of service at peak,"Cuts out repeatedly once the shop fills up, never when it is quiet.",,
INC-2026-04249,2026-08-04T12:15,Retail,Store 014 Oslo,Inventory sync,ERR-6410,Medium,Resolved,Store Systems,Counts disagree between systems,Numbers on screen and numbers on the rack are two different stories.,Message queue backed up behind a poison message. Removed it and replayed the remainder.,17.0
INC-2026-04012,2026-05-25T04:30,Maritime,MV Bergen Star,Navigation display,ERR-2203,Medium,Closed,Rotating Equipment,Console blanking intermittently,"Screen locks up for around thirty seconds then returns on its own, several times per watch.",Firmware defect in the chart renderer. Applied vendor patch 4.2.1.,2.8
INC-2026-04475,2026-09-03T12:00,Energy,Substation Kollsnes,SCADA link,ERR-3310,Medium,Closed,Substation Field,Telemetry gap from remote site,We lose sight of it for minutes at a time and then it is back as though nothing happened.,Polling interval too aggressive after a config change. Reverted to the previous setting.,9.5
INC-2026-04219,2026-05-21T01:30,Retail,Store 022 Trondheim,Inventory sync,ERR-6410,Medium,Resolved,Logistics,Stock levels out of step with warehouse,"The website is offering products the shelf does not actually have, and customers arrive to collect nothing.",Clock skew between systems caused updates to be discarded as out of order. Corrected NTP.,11.8
INC-2026-04431,2026-01-28T18:00,Energy,Substation Kollsnes,Transformer cooling,ERR-7744,High,In Progress,SCADA,Overtemperature warning during evening peak,"It is noticeably warmer to stand next to than the one beside it, carrying the same current.",,
INC-2026-04052,2026-06-06T20:45,Retail,DC Larvik,Inventory sync,ERR-6410,Medium,Resolved,Store Systems,Online availability showing items that are sold out,"The nightly transfer arrived hours late, so morning picking worked from stale numbers.",Message queue backed up behind a poison message. Removed it and replayed the remainder.,3.4
INC-2026-04910,2026-06-23T21:30,Energy,Substation Rong,Protection relay,ERR-7120,Critical,Resolved,Grid Operations,Relay operated with no fault found,"Protection operated during a routine switching sequence, with no damage identified downstream.",Relay setting group left on the commissioning profile. Restored operational settings.,14.1
INC-2026-04749,2026-08-06T13:45,Energy,Substation Kollsnes,SCADA link,ERR-3310,High,Resolved,Substation Field,Telemetry gap from remote site,We lose sight of it for minutes at a time and then it is back as though nothing happened.,Polling interval too aggressive after a config change. Reverted to the previous setting.,7.6
INC-2026-04327,2026-01-10T06:30,Energy,Substation Ålgård,Transformer cooling,ERR-7744,High,In Progress,Substation Field,Unit running warmer than its neighbours,Thermal margin has been shrinking week on week and nobody can point at a cause.,,
INC-2026-04147,2026-05-02T00:00,Maritime,MV Bergen Star,Navigation display,ERR-2203,Medium,Resolved,Hull & Deck,Console blanking intermittently,"Screen locks up for around thirty seconds then returns on its own, several times per watch.",Firmware defect in the chart renderer. Applied vendor patch 4.2.1.,1.8
INC-2026-04002,2026-02-18T15:30,Maritime,MV Nordlys,Navigation display,ERR-2203,Medium,In Progress,Bridge Systems,Chart display freezing on bridge console,"Display goes dark without warning and comes back after a minute, nothing in the alarm log.",,
INC-2026-04525,2026-08-30T00:30,Maritime,MV Storfjord,Fuel system,ERR-5140,Low,Resolved,Rotating Equipment,Uneven running on auxiliary engine,"Brief hesitation every so often, as though it is starving for a moment and then catching again.",Lift pump diaphragm perished. Renewed the pump and confirmed steady supply pressure.,4.0
INC-2026-04622,2026-08-06T00:15,Payments,Gateway West,Fraud scoring,ERR-4102,High,Resolved,Payments Platform,Review queue backing up,The model is taking its time. What used to be instant now has a noticeable wait.,Stale model artefact loaded on two nodes. Redeployed the correct version across the cluster.,14.1
INC-2026-04441,2026-04-08T22:45,Energy,Substation Kollsnes,SCADA link,ERR-3310,Medium,Resolved,Grid Operations,SCADA polling timeouts overnight,The site went quiet. Nothing came in until it suddenly caught up in one burst.,Radio link degraded by weather. Repointed the antenna and improved the margin.,8.5
INC-2026-04169,2026-05-19T05:45,Maritime,MV Bergen Star,Navigation display,ERR-2203,High,Resolved,Bridge Systems,Console blanking intermittently,"Screen locks up for around thirty seconds then returns on its own, several times per watch.",Firmware defect in the chart renderer. Applied vendor patch 4.2.1.,4.0
INC-2026-04624,2026-04-19T03:45,Energy,Substation Kollsnes,Transformer cooling,ERR-7744,High,Closed,Grid Operations,Transformer temperature trending high,"It is noticeably warmer to stand next to than the one beside it, carrying the same current.",Radiator fins heavily fouled. Cleaned and flushed to restore rated cooling capacity.,14.1
INC-2026-04217,2026-03-12T01:45,Retail,Store 031 Bergen,Point of sale,ERR-6205,Medium,Resolved,E-commerce,Checkout terminal restarting unexpectedly,Terminal locks solid mid transaction when the queue is long and staff have to restart it.,Faulty power supply under load. Replaced the unit with no repeat over the following week.,3.0
INC-2026-04989,2026-05-20T00:45,Energy,Substation Ålgård,SCADA link,ERR-3310,High,Closed,Substation Field,SCADA polling timeouts overnight,Trend shows holes in the record overnight that filled themselves in by morning.,Radio link degraded by weather. Repointed the antenna and improved the margin.,10.4
INC-2026-04649,2026-07-27T06:45,Energy,Substation Rong,SCADA link,ERR-3310,Medium,Resolved,Grid Operations,SCADA polling timeouts overnight,"Intermittent loss of contact with the outstation, several short gaps through the evening.",Radio link degraded by weather. Repointed the antenna and improved the margin.,2.3
INC-2026-04333,2026-01-13T10:30,Energy,Substation Rong,SCADA link,ERR-3310,Low,Resolved,Grid Operations,Telemetry gap from remote site,Data stopped arriving during the night shift and backfilled automatically once the link recovered.,Radio link degraded by weather. Repointed the antenna and improved the margin.,4.1
INC-2026-04291,2026-05-31T14:30,Energy,Substation Rong,Transformer cooling,ERR-7744,High,Resolved,Grid Operations,Overtemperature warning during evening peak,Control room sees the figure drifting upward and not recovering during the quiet hours.,Radiator fins heavily fouled. Cleaned and flushed to restore rated cooling capacity.,13.4
INC-2026-04367,2026-06-28T20:45,Retail,Store 014 Oslo,Point of sale,ERR-6205,Low,Closed,E-commerce,Till freezing during busy period,Freezes solid with a customer standing there and the basket half scanned.,Failing memory module. Swapped the board and soak tested through a full trading day.,6.4
INC-2026-04338,2026-07-06T07:00,Energy,Substation Fana,Protection relay,ERR-7120,High,Resolved,Grid Operations,Unexpected breaker trip on feeder,"Protection operated during a routine switching sequence, with no damage identified downstream.",Current transformer wiring reversed on one phase after maintenance. Corrected and tested.,6.5
INC-2026-04235,2026-02-19T00:00,Payments,Scoring Cluster A,Card authorisation,ERR-4001,High,Resolved,Core Banking,Authorisation success rate dropped,"More transactions than normal are being turned away, with no pattern by card type or issuer.",Upstream acquirer degraded. Failed over to the secondary route and rates recovered immediately.,1.8
INC-2026-04862,2026-04-08T04:45,Payments,Gateway West,Card authorisation,ERR-4001,High,Resolved,Core Banking,Authorisation success rate dropped,Approval numbers fell off a cliff and have not come back on their own.,Connection pool exhausted after a traffic spike. Raised the pool size and added backpressure.,1.1
INC-2026-04558,2026-01-26T22:45,Energy,Substation Ålgård,SCADA link,ERR-3310,High,Resolved,Grid Operations,Telemetry gap from remote site,"Values freeze at their last figure, then jump to current once contact returns.",Polling interval too aggressive after a config change. Reverted to the previous setting.,6.4
INC-2026-04385,2026-02-17T20:00,Retail,DC Vestby,Receipt printer,ERR-6250,Low,Resolved,E-commerce,Receipt printer not responding,"Paper feeds a few lines then gives up, leaving the customer with half a slip.",Printer driver incompatible with the latest POS release. Rolled back the driver.,4.1
INC-2026-04750,2026-02-10T09:30,Retail,Store 031 Bergen,Point of sale,ERR-6205,Medium,In Progress,Store Systems,Lane out of service at peak,"It gives up under pressure. Quiet mornings are fine, Saturday afternoon is not.",,
INC-2026-04508,2026-02-27T07:45,Retail,Store 014 Oslo,Inventory sync,ERR-6410,Medium,In Progress,Logistics,Counts disagree between systems,"The website is offering products the shelf does not actually have, and customers arrive to collect nothing.",,
INC-2026-04395,2026-03-18T08:45,Retail,DC Vestby,Receipt printer,ERR-6250,Low,Resolved,Store Systems,No receipt at end of transaction,"Paper feeds a few lines then gives up, leaving the customer with half a slip.",Worn feed roller slipping under load. Replaced the roller assembly.,4.3
INC-2026-04619,2026-08-24T16:30,Energy,Substation Rong,Protection relay,ERR-7120,High,Closed,Substation Field,Feeder lost supply without cause,"Protection operated during a routine switching sequence, with no damage identified downstream.","Moisture ingress in the relay panel causing spurious operation. Dried, sealed and retested.",4.4
INC-2026-04413,2026-02-20T15:15,Energy,Substation Rong,SCADA link,ERR-3310,High,Closed,Grid Operations,Outstation dropping off the system,"Intermittent loss of contact with the outstation, several short gaps through the evening.",Polling interval too aggressive after a config change. Reverted to the previous setting.,9.7
INC-2026-04641,2026-05-17T21:15,Maritime,MV Storfjord,Navigation display,ERR-2203,High,Resolved,Hull & Deck,Bridge display unresponsive during watch,"Display goes dark without warning and comes back after a minute, nothing in the alarm log.",Firmware defect in the chart renderer. Applied vendor patch 4.2.1.,3.1
INC-2026-04547,2026-04-09T10:30,Retail,DC Vestby,Inventory sync,ERR-6410,Low,Resolved,E-commerce,Counts disagree between systems,Customers are ordering items that ran out before the order was even placed.,Message queue backed up behind a poison message. Removed it and replayed the remainder.,12.9
INC-2026-04196,2026-07-26T07:30,Energy,Substation Ålgård,SCADA link,ERR-3310,Medium,Resolved,Grid Operations,Outstation dropping off the system,"Control room had no readings from the site for about twenty minutes, then everything reappeared at once.",Failing media converter at the site end. Swapped the unit and the gaps stopped.,1.1
INC-2026-04700,2026-06-14T09:45,Payments,Gateway Core,Settlement batch,ERR-4310,Medium,Resolved,Core Banking,Daily reconciliation out by a file,Batch stalled partway through and had to be restarted from the last checkpoint.,"Disk exhausted on the batch host mid write. Cleared space, added an alert and reran cleanly.",15.4
INC-2026-04262,2026-07-27T14:30,Maritime,MV Nordlys,Fuel system,ERR-5140,Medium,Resolved,Hull & Deck,Auxiliary engine losing power intermittently,Engine drops revs briefly every few minutes then recovers on its own.,Air ingress at a loose union on the suction side. Tightened and pressure tested.,5.6
INC-2026-04666,2026-08-08T19:45,Energy,Substation Rong,Protection relay,ERR-7120,High,Closed,SCADA,Unexpected breaker trip on feeder,Breaker opened on its own. Walked the route and found nothing wrong.,Current transformer wiring reversed on one phase after maintenance. Corrected and tested.,4.8
INC-2026-04344,2026-06-20T20:00,Energy,Substation Ålgård,SCADA link,ERR-3310,Medium,Closed,SCADA,Telemetry gap from remote site,"Intermittent loss of contact with the outstation, several short gaps through the evening.",Radio link degraded by weather. Repointed the antenna and improved the margin.,2.7
INC-2026-04156,2026-03-03T19:15,Energy,Substation Ålgård,Transformer cooling,ERR-7744,High,Resolved,SCADA,Overtemperature warning during evening peak,Temperature creeping up over several days with no change in demand to explain it.,"Two cooling fans had failed. Replaced both, temperature returned to its normal profile within the hour.",18.1
INC-2026-04951,2026-07-25T09:00,Energy,Substation Rong,Transformer cooling,ERR-7744,High,Resolved,SCADA,Overtemperature warning during evening peak,Thermal margin has been shrinking week on week and nobody can point at a cause.,Radiator fins heavily fouled. Cleaned and flushed to restore rated cooling capacity.,24.2
INC-2026-04923,2026-04-06T07:30,Maritime,MV Havbris,Bearing assembly,ERR-5012,High,Resolved,Hull & Deck,Main pump noisy at high output,"Noticeable judder from the housing above three quarters output, easing off as soon as demand drops.","Soft foot on the mounting. Shimmed and re-torqued base bolts, retested at full load with no recurrence.",11.1
INC-2026-04503,2026-02-06T19:30,Payments,Scoring Cluster A,Settlement batch,ERR-4310,High,In Progress,Core Banking,Daily reconciliation out by a file,Job died in the middle and had to be picked up again from where it gave out.,,
INC-2026-04023,2026-03-19T17:15,Maritime,MV Nordlys,Navigation display,ERR-2203,Medium,Resolved,Hull & Deck,Bridge display unresponsive during watch,"Display goes dark without warning and comes back after a minute, nothing in the alarm log.",Failing power supply in the console. Replaced the unit and monitored for a full watch.,2.0
INC-2026-04018,2026-03-13T21:00,Energy,Substation Rong,Transformer cooling,ERR-7744,Critical,Closed,Substation Field,Overtemperature warning during evening peak,Thermal margin has been shrinking week on week and nobody can point at a cause.,Radiator fins heavily fouled. Cleaned and flushed to restore rated cooling capacity.,10.3
INC-2026-04227,2026-05-31T11:45,Maritime,MV Bergen Star,Fuel system,ERR-5140,High,Resolved,Rotating Equipment,Uneven running on auxiliary engine,"Output is uneven under steady demand, with no alarm raised.",Air ingress at a loose union on the suction side. Tightened and pressure tested.,3.0
INC-2026-04036,2026-04-06T12:15,Energy,Substation Rong,SCADA link,ERR-3310,Low,Resolved,SCADA,Outstation dropping off the system,"Intermittent loss of contact with the outstation, several short gaps through the evening.",Polling interval too aggressive after a config change. Reverted to the previous setting.,6.0
INC-2026-04703,2026-07-20T10:15,Maritime,MV Kvitøy,Navigation display,ERR-2203,High,Resolved,Rotating Equipment,Chart display freezing on bridge console,Picture freezes mid update. Everything else on the bridge carries on as normal.,"Loose display cable at the bulkhead connector. Reseated and secured, no further dropouts.",4.9
INC-2026-04875,2026-07-20T17:30,Retail,Store 022 Trondheim,Receipt printer,ERR-6250,Low,Resolved,Store Systems,Printing stops partway through a sale,"Nothing comes out at all, though the terminal reports the sale completed.",Printer driver incompatible with the latest POS release. Rolled back the driver.,2.0
INC-2026-04407,2026-02-26T12:15,Payments,Gateway North,Card authorisation,ERR-4001,High,Resolved,Core Banking,Elevated decline rate on card payments,"Customers say payment spins and then fails, and a retry usually works on the second attempt.",Upstream acquirer degraded. Failed over to the secondary route and rates recovered immediately.,4.3
INC-2026-04679,2026-02-28T02:45,Retail,DC Larvik,Point of sale,ERR-6205,High,In Progress,Logistics,Lane out of service at peak,Terminal locks solid mid transaction when the queue is long and staff have to restart it.,,
INC-2026-04520,2026-08-13T20:45,Retail,DC Vestby,Receipt printer,ERR-6250,Low,Closed,Logistics,No receipt at end of transaction,It produces the top of the receipt and then simply stops.,Printer driver incompatible with the latest POS release. Rolled back the driver.,1.8
INC-2026-04254,2026-04-29T06:45,Retail,DC Larvik,Inventory sync,ERR-6410,Medium,Resolved,Store Systems,Stock levels out of step with warehouse,"The website is offering products the shelf does not actually have, and customers arrive to collect nothing.",Clock skew between systems caused updates to be discarded as out of order. Corrected NTP.,8.2
INC-2026-04994,2026-02-12T05:45,Retail,DC Larvik,Inventory sync,ERR-6410,High,Resolved,E-commerce,Online availability showing items that are sold out,"We are selling things we do not hold, and the first anyone knows is at the collection point.","Sync job failing silently on malformed records. Added validation and alerting, then reprocessed the backlog.",18.3
INC-2026-04717,2026-03-06T16:15,Retail,Store 031 Bergen,Inventory sync,ERR-6410,High,Resolved,E-commerce,Counts disagree between systems,"Figures are a day behind, so every decision this morning was made on yesterday's picture.","Sync job failing silently on malformed records. Added validation and alerting, then reprocessed the backlog.",14.4
INC-2026-04315,2026-04-08T00:15,Maritime,MV Nordlys,Navigation display,ERR-2203,High,Resolved,Hull & Deck,Console blanking intermittently,"Screen locks up for around thirty seconds then returns on its own, several times per watch.",Firmware defect in the chart renderer. Applied vendor patch 4.2.1.,2.2
INC-2026-04039,2026-06-04T01:30,Energy,Substation Fana,SCADA link,ERR-3310,Medium,Resolved,Grid Operations,Outstation dropping off the system,We lose sight of it for minutes at a time and then it is back as though nothing happened.,Radio link degraded by weather. Repointed the antenna and improved the margin.,6.1
INC-2026-04771,2026-09-13T11:00,Energy,Substation Kollsnes,Transformer cooling,ERR-7744,Critical,In Progress,Substation Field,Overtemperature warning during evening peak,Temperature creeping up over several days with no change in demand to explain it.,,
INC-2026-04742,2026-08-19T20:15,Energy,Substation Rong,SCADA link,ERR-3310,Medium,In Progress,Substation Field,SCADA polling timeouts overnight,Data stopped arriving during the night shift and backfilled automatically once the link recovered.,,
INC-2026-04007,2026-02-28T18:00,Payments,Gateway North,Card authorisation,ERR-4001,Critical,Resolved,Fraud Engineering,Authorisation success rate dropped,Success rate dropped from its usual level to around eighty percent over about ten minutes.,Connection pool exhausted after a traffic spike. Raised the pool size and added backpressure.,3.6
INC-2026-04941,2026-09-01T20:00,Energy,Substation Ålgård,Transformer cooling,ERR-7744,High,Closed,SCADA,Transformer temperature trending high,"Gradual rise on the trend, small each day, obvious across a month.",Radiator fins heavily fouled. Cleaned and flushed to restore rated cooling capacity.,18.1
INC-2026-04689,2026-05-21T17:00,Retail,Store 014 Oslo,Point of sale,ERR-6205,High,Resolved,E-commerce,Till freezing during busy period,"Cuts out repeatedly once the shop fills up, never when it is quiet.",Failing memory module. Swapped the board and soak tested through a full trading day.,4.7
INC-2026-04512,2026-02-03T10:15,Payments,Gateway Core,Fraud scoring,ERR-4102,High,Resolved,Fraud Engineering,False positives spiking on new rule,Scoring calls take several seconds where they normally return almost instantly.,Stale model artefact loaded on two nodes. Redeployed the correct version across the cluster.,14.3
INC-2026-04831,2026-03-16T10:15,Retail,Store 022 Trondheim,Receipt printer,ERR-6250,Low,Resolved,Store Systems,Printing stops partway through a sale,"Nothing comes out at all, though the terminal reports the sale completed.",Printer driver incompatible with the latest POS release. Rolled back the driver.,3.6
INC-2026-04118,2026-08-10T17:45,Retail,Store 031 Bergen,Inventory sync,ERR-6410,High,Closed,E-commerce,Stock levels out of step with warehouse,"The nightly transfer arrived hours late, so morning picking worked from stale numbers.",Message queue backed up behind a poison message. Removed it and replayed the remainder.,3.2
INC-2026-04890,2026-03-03T18:45,Retail,DC Larvik,Receipt printer,ERR-6250,Medium,Resolved,Logistics,Printing stops partway through a sale,Printer stops halfway through and the sale has to be voided and rerun.,Printer driver incompatible with the latest POS release. Rolled back the driver.,2.0
INC-2026-04968,2026-07-10T13:30,Payments,Gateway Core,Fraud scoring,ERR-4102,Medium,Resolved,Payments Platform,Fraud model scoring slowly,Analysts are drowning in referrals that turn out to be perfectly ordinary purchases.,Stale model artefact loaded on two nodes. Redeployed the correct version across the cluster.,12.4
INC-2026-04189,2026-05-08T09:30,Retail,Store 022 Trondheim,Point of sale,ERR-6205,Medium,Closed,E-commerce,Lane out of service at peak,"Goes down on its own without anyone touching it, then comes back a minute later.",Failing memory module. Swapped the board and soak tested through a full trading day.,2.5
INC-2026-04095,2026-08-16T14:30,Payments,Gateway West,Card authorisation,ERR-4001,High,In Progress,Payments Platform,Elevated decline rate on card payments,Volume looks normal but far fewer of them are completing than they should.,,
INC-2026-04861,2026-09-08T14:15,Payments,Gateway Core,Card authorisation,ERR-4001,High,Resolved,Core Banking,Elevated decline rate on card payments,"Customers say payment spins and then fails, and a retry usually works on the second attempt.","Expired certificate on the acquirer link. Renewed and redeployed, success rate normalised.",5.1
INC-2026-04597,2026-07-22T13:45,Energy,Substation Fana,SCADA link,ERR-3310,High,Resolved,Grid Operations,Outstation dropping off the system,Trend shows holes in the record overnight that filled themselves in by morning.,Radio link degraded by weather. Repointed the antenna and improved the margin.,10.6
INC-2026-04832,2026-04-26T09:30,Energy,Substation Fana,Transformer cooling,ERR-7744,High,Resolved,Grid Operations,Overtemperature warning during evening peak,Unit runs hotter than the others on the same bus under identical load.,"Two cooling fans had failed. Replaced both, temperature returned to its normal profile within the hour.",15.7
INC-2026-04212,2026-03-30T20:30,Energy,Substation Fana,Transformer cooling,ERR-7744,High,Resolved,SCADA,Unit running warmer than its neighbours,Temperature creeping up over several days with no change in demand to explain it.,"Two cooling fans had failed. Replaced both, temperature returned to its normal profile within the hour.",10.1
INC-2026-04529,2026-08-21T21:45,Payments,Scoring Cluster A,Card authorisation,ERR-4001,Critical,Resolved,Fraud Engineering,Elevated decline rate on card payments,Approval numbers fell off a cliff and have not come back on their own.,Upstream acquirer degraded. Failed over to the secondary route and rates recovered immediately.,4.0
INC-2026-04794,2026-03-02T22:00,Maritime,MV Bergen Star,Fuel system,ERR-5140,Medium,Resolved,Hull & Deck,Fuel pressure fluctuating on auxiliary engine,"Brief hesitation every so often, as though it is starving for a moment and then catching again.",Lift pump diaphragm perished. Renewed the pump and confirmed steady supply pressure.,9.1
INC-2026-04166,2026-05-15T06:45,Maritime,MV Kvitøy,Fuel system,ERR-5140,Medium,Closed,Hull & Deck,Uneven running on auxiliary engine,"Watch reports the machine hunting at constant load, never quite holding a figure.",Fuel filter partially blocked. Replaced the element and bled the system.,7.9
INC-2026-04701,2026-01-30T23:30,Energy,Substation Ålgård,Transformer cooling,ERR-7744,High,Resolved,Substation Field,Unit running warmer than its neighbours,Thermal margin has been shrinking week on week and nobody can point at a cause.,Radiator fins heavily fouled. Cleaned and flushed to restore rated cooling capacity.,14.3
INC-2026-04308,2026-01-07T01:30,Payments,Gateway West,Fraud scoring,ERR-4102,Medium,Resolved,Payments Platform,Fraud model scoring slowly,Scoring calls take several seconds where they normally return almost instantly.,Feature store query missing an index after a schema change. Index rebuilt and latency recovered.,5.7
INC-2026-04604,2026-01-20T20:45,Payments,Gateway North,Settlement batch,ERR-4310,High,Resolved,Payments Platform,Settlement file rejected by clearing,The run failed silently and was only noticed when the morning figures did not balance.,"Disk exhausted on the batch host mid write. Cleared space, added an alert and reran cleanly.",19.1
INC-2026-04805,2026-06-19T19:30,Payments,Scoring Cluster A,Fraud scoring,ERR-4102,High,Resolved,Payments Platform,False positives spiking on new rule,The model is taking its time. What used to be instant now has a noticeable wait.,Threshold misconfigured during deployment. Corrected and validated against the holdout set.,15.4
INC-2026-04564,2026-08-07T23:15,Energy,Substation Rong,SCADA link,ERR-3310,Medium,Closed,Grid Operations,Outstation dropping off the system,We lose sight of it for minutes at a time and then it is back as though nothing happened.,Polling interval too aggressive after a config change. Reverted to the previous setting.,3.8
INC-2026-04683,2026-03-31T19:30,Retail,Store 031 Bergen,Point of sale,ERR-6205,Medium,Resolved,Store Systems,Lane out of service at peak,Staff lose the lane completely and have to move the queue to the next one.,Faulty power supply under load. Replaced the unit with no repeat over the following week.,6.2
INC-2026-04953,2026-03-10T18:45,Maritime,MV Nordlys,Navigation display,ERR-2203,Medium,Closed,Hull & Deck,Console blanking intermittently,Picture freezes mid update. Everything else on the bridge carries on as normal.,"Loose display cable at the bulkhead connector. Reseated and secured, no further dropouts.",3.7
INC-2026-04955,2026-06-20T16:30,Energy,Substation Ålgård,SCADA link,ERR-3310,High,Closed,SCADA,Telemetry gap from remote site,Trend shows holes in the record overnight that filled themselves in by morning.,Failing media converter at the site end. Swapped the unit and the gaps stopped.,8.5
INC-2026-04137,2026-08-31T19:30,Payments,Scoring Cluster A,Settlement batch,ERR-4310,Medium,Resolved,Payments Platform,Daily reconciliation out by a file,"The file came back rejected with a format complaint, so settlement did not post for the day.","Disk exhausted on the batch host mid write. Cleared space, added an alert and reran cleanly.",18.6
INC-2026-04497,2026-04-27T03:45,Maritime,MV Bergen Star,Navigation display,ERR-2203,High,Closed,Hull & Deck,Console blanking intermittently,"Screen locks up for around thirty seconds then returns on its own, several times per watch.",Failing power supply in the console. Replaced the unit and monitored for a full watch.,3.0
INC-2026-04422,2026-05-04T23:45,Energy,Substation Kollsnes,SCADA link,ERR-3310,Medium,Resolved,Grid Operations,SCADA polling timeouts overnight,The site went quiet. Nothing came in until it suddenly caught up in one burst.,Polling interval too aggressive after a config change. Reverted to the previous setting.,11.3
INC-2026-04180,2026-04-14T08:00,Retail,Store 031 Bergen,Receipt printer,ERR-6250,Low,Closed,E-commerce,No receipt at end of transaction,"Nothing comes out at all, though the terminal reports the sale completed.",Paper sensor dirty and reporting empty. Cleaned and recalibrated.,4.1
INC-2026-04615,2026-04-22T02:15,Retail,DC Vestby,Inventory sync,ERR-6410,High,Resolved,E-commerce,Online availability showing items that are sold out,"Figures are a day behind, so every decision this morning was made on yesterday's picture.",Clock skew between systems caused updates to be discarded as out of order. Corrected NTP.,4.2
INC-2026-04204,2026-06-13T10:45,Retail,DC Larvik,Point of sale,ERR-6205,High,In Progress,E-commerce,Checkout terminal restarting unexpectedly,Screen stops accepting input at the worst moment and the sale has to be started again.,,
INC-2026-04872,2026-08-22T03:45,Payments,Gateway West,Card authorisation,ERR-4001,Medium,Closed,Fraud Engineering,Authorisation success rate dropped,Support is fielding complaints that the payment page hangs and then gives up.,Connection pool exhausted after a traffic spike. Raised the pool size and added backpressure.,3.8
INC-2026-04320,2026-08-20T08:30,Retail,DC Vestby,Point of sale,ERR-6205,Medium,Closed,Logistics,Checkout terminal restarting unexpectedly,Freezes solid with a customer standing there and the basket half scanned.,Thermal shutdown from blocked vents behind the counter. Relocated and cleaned.,8.7
INC-2026-04821,2026-02-14T09:00,Maritime,MV Havbris,Navigation display,ERR-2203,High,Closed,Rotating Equipment,Console blanking intermittently,"Goes black for a moment, then paints itself back in as if nothing happened.",Firmware defect in the chart renderer. Applied vendor patch 4.2.1.,1.6
INC-2026-04779,2026-02-24T10:30,Maritime,MV Nordlys,Fuel system,ERR-5140,High,Resolved,Rotating Equipment,Auxiliary engine losing power intermittently,Reading is restless. It never sits still long enough to take a proper number off it.,Fuel filter partially blocked. Replaced the element and bled the system.,2.2
INC-2026-04430,2026-09-09T18:45,Payments,Gateway Core,Settlement batch,ERR-4310,High,Closed,Payments Platform,Settlement file rejected by clearing,"Nothing settled last night, and the counterparty has not received anything from us.",Downstream schema change not applied in our mapping. Updated the mapping and reran.,7.9
INC-2026-04224,2026-04-08T17:30,Energy,Substation Rong,SCADA link,ERR-3310,High,Resolved,Substation Field,Outstation dropping off the system,"Values freeze at their last figure, then jump to current once contact returns.",Radio link degraded by weather. Repointed the antenna and improved the margin.,8.1
INC-2026-04926,2026-05-16T16:30,Payments,Scoring Cluster A,Card authorisation,ERR-4001,High,Resolved,Core Banking,Elevated decline rate on card payments,"A fifth of attempts are bouncing back, where it is normally a rounding error.",Connection pool exhausted after a traffic spike. Raised the pool size and added backpressure.,2.7
INC-2026-04021,2026-08-13T03:30,Payments,Scoring Cluster A,Settlement batch,ERR-4310,High,Closed,Payments Platform,End of day batch did not complete,"Nothing settled last night, and the counterparty has not received anything from us.",Trailing record count mismatch caused by a duplicated entry. Deduplicated and resubmitted.,18.5
INC-2026-04873,2026-01-15T01:00,Energy,Substation Kollsnes,Transformer cooling,ERR-7744,Critical,Resolved,Grid Operations,Transformer temperature trending high,Readings climb steadily through the afternoon peak and no longer settle overnight the way they used to.,Blocked airflow from vegetation growth against the enclosure. Cleared and trimmed back.,17.1
INC-2026-04283,2026-01-20T04:00,Retail,Store 014 Oslo,Point of sale,ERR-6205,Medium,Resolved,Store Systems,Till freezing during busy period,Staff lose the lane completely and have to move the queue to the next one.,Faulty power supply under load. Replaced the unit with no repeat over the following week.,6.8
INC-2026-04894,2026-07-13T13:00,Payments,Scoring Cluster A,Card authorisation,ERR-4001,High,Resolved,Core Banking,Authorisation success rate dropped,Approval numbers fell off a cliff and have not come back on their own.,Upstream acquirer degraded. Failed over to the secondary route and rates recovered immediately.,1.0
INC-2026-04342,2026-04-13T12:30,Retail,Store 014 Oslo,Point of sale,ERR-6205,High,Closed,Store Systems,Checkout terminal restarting unexpectedly,"It gives up under pressure. Quiet mornings are fine, Saturday afternoon is not.",Thermal shutdown from blocked vents behind the counter. Relocated and cleaned.,9.0
INC-2026-04150,2026-07-06T13:15,Maritime,MV Nordlys,Navigation display,ERR-2203,Medium,Resolved,Rotating Equipment,Console blanking intermittently,Picture freezes mid update. Everything else on the bridge carries on as normal.,Firmware defect in the chart renderer. Applied vendor patch 4.2.1.,4.9
INC-2026-04710,2026-08-01T22:00,Maritime,MV Nordlys,Fuel system,ERR-5140,Medium,Resolved,Bridge Systems,Fuel pressure fluctuating on auxiliary engine,"Watch reports the machine hunting at constant load, never quite holding a figure.",Fuel filter partially blocked. Replaced the element and bled the system.,6.6
INC-2026-04839,2026-08-11T23:15,Energy,Substation Fana,Transformer cooling,ERR-7744,High,Resolved,SCADA,Transformer temperature trending high,"Sits several degrees above where it has historically run, with load unchanged.",Radiator fins heavily fouled. Cleaned and flushed to restore rated cooling capacity.,19.9
INC-2026-04770,2026-02-14T14:45,Payments,Gateway North,Fraud scoring,ERR-4102,Medium,Resolved,Core Banking,Fraud model scoring slowly,Response times have crept up to the point where the checkout feels sluggish.,Threshold misconfigured during deployment. Corrected and validated against the holdout set.,4.8
INC-2026-04179,2026-04-28T09:00,Energy,Substation Fana,Protection relay,ERR-7120,Critical,In Progress,SCADA,Feeder lost supply without cause,Breaker opened on its own. Walked the route and found nothing wrong.,,
INC-2026-04656,2026-03-16T12:15,Retail,Store 014 Oslo,Receipt printer,ERR-6250,Low,Resolved,E-commerce,Printing stops partway through a sale,"Paper feeds a few lines then gives up, leaving the customer with half a slip.",Worn feed roller slipping under load. Replaced the roller assembly.,0.9
INC-2026-04932,2026-05-26T07:15,Energy,Substation Rong,SCADA link,ERR-3310,Medium,Closed,Grid Operations,SCADA polling timeouts overnight,"Values freeze at their last figure, then jump to current once contact returns.",Failing media converter at the site end. Swapped the unit and the gaps stopped.,2.8
INC-2026-04290,2026-06-19T04:45,Energy,Substation Fana,SCADA link,ERR-3310,Low,Closed,Substation Field,Outstation dropping off the system,Trend shows holes in the record overnight that filled themselves in by morning.,Failing media converter at the site end. Swapped the unit and the gaps stopped.,11.9
INC-2026-04109,2026-01-08T10:45,Maritime,MV Havbris,Bearing assembly,ERR-5012,High,Resolved,Hull & Deck,Main pump noisy at high output,The mounting feels alive under your hand when the machine is worked hard.,"Soft foot on the mounting. Shimmed and re-torqued base bolts, retested at full load with no recurrence.",16.4
INC-2026-04741,2026-07-29T14:30,Retail,DC Vestby,Inventory sync,ERR-6410,Low,Resolved,Logistics,Counts disagree between systems,Counts in the system do not match what staff find when they physically check the shelf.,"Sync job failing silently on malformed records. Added validation and alerting, then reprocessed the backlog.",9.7
INC-2026-04046,2026-08-01T04:45,Energy,Substation Kollsnes,SCADA link,ERR-3310,Medium,Resolved,Substation Field,Telemetry gap from remote site,"Nothing reported in from that location for a stretch, with no alarm to say why.",Radio link degraded by weather. Repointed the antenna and improved the margin.,6.0
INC-2026-04516,2026-07-05T04:00,Payments,Gateway Core,Card authorisation,ERR-4001,High,Resolved,Payments Platform,Customers reporting failed checkout,"More transactions than normal are being turned away, with no pattern by card type or issuer.",Upstream acquirer degraded. Failed over to the secondary route and rates recovered immediately.,5.6
INC-2026-04176,2026-09-07T16:30,Retail,Store 031 Bergen,Inventory sync,ERR-6410,Medium,Resolved,Store Systems,Counts disagree between systems,Customers are ordering items that ran out before the order was even placed.,Clock skew between systems caused updates to be discarded as out of order. Corrected NTP.,9.5
INC-2026-04526,2026-05-27T01:30,Retail,Store 022 Trondheim,Point of sale,ERR-6205,Medium,Resolved,Logistics,Checkout terminal restarting unexpectedly,"It gives up under pressure. Quiet mornings are fine, Saturday afternoon is not.",Failing memory module. Swapped the board and soak tested through a full trading day.,5.1
INC-2026-04414,2026-06-25T02:45,Retail,Store 014 Oslo,Point of sale,ERR-6205,High,In Progress,E-commerce,Checkout terminal restarting unexpectedly,Staff lose the lane completely and have to move the queue to the next one.,,
INC-2026-04363,2026-02-09T07:00,Retail,Store 022 Trondheim,Inventory sync,ERR-6410,High,Resolved,Store Systems,Online availability showing items that are sold out,"The nightly transfer arrived hours late, so morning picking worked from stale numbers.","Sync job failing silently on malformed records. Added validation and alerting, then reprocessed the backlog.",3.6
INC-2026-04790,2026-09-05T03:30,Energy,Substation Rong,SCADA link,ERR-3310,Medium,Resolved,SCADA,Telemetry gap from remote site,Trend shows holes in the record overnight that filled themselves in by morning.,Radio link degraded by weather. Repointed the antenna and improved the margin.,9.0
INC-2026-04005,2026-08-15T23:45,Energy,Substation Kollsnes,Transformer cooling,ERR-7744,Critical,Resolved,SCADA,Unit running warmer than its neighbours,Control room sees the figure drifting upward and not recovering during the quiet hours.,Radiator fins heavily fouled. Cleaned and flushed to restore rated cooling capacity.,22.1
INC-2026-04160,2026-03-15T10:00,Maritime,MV Kvitøy,Navigation display,ERR-2203,High,Closed,Hull & Deck,Console blanking intermittently,"Goes black for a moment, then paints itself back in as if nothing happened.",Failing power supply in the console. Replaced the unit and monitored for a full watch.,4.9
INC-2026-04636,2026-01-22T23:30,Payments,Gateway West,Card authorisation,ERR-4001,High,Resolved,Payments Platform,Customers reporting failed checkout,People are being refused at the final step even though their cards are perfectly good.,"Expired certificate on the acquirer link. Renewed and redeployed, success rate normalised.",5.6
INC-2026-04069,2026-04-08T08:15,Retail,Store 031 Bergen,Inventory sync,ERR-6410,Medium,Resolved,E-commerce,Online availability showing items that are sold out,"Figures are a day behind, so every decision this morning was made on yesterday's picture.",Clock skew between systems caused updates to be discarded as out of order. Corrected NTP.,6.6
INC-2026-04044,2026-07-07T11:15,Maritime,MV Havbris,Fuel system,ERR-5140,Medium,Resolved,Bridge Systems,Uneven running on auxiliary engine,Gauge will not settle. It wanders either side of where it should sit.,Air ingress at a loose union on the suction side. Tightened and pressure tested.,2.5
INC-2026-04644,2026-05-05T21:15,Energy,Substation Kollsnes,Transformer cooling,ERR-7744,High,In Progress,Grid Operations,Transformer temperature trending high,Control room sees the figure drifting upward and not recovering during the quiet hours.,,
INC-2026-04261,2026-07-26T05:45,Retail,DC Larvik,Inventory sync,ERR-6410,Low,Resolved,E-commerce,Online availability showing items that are sold out,Customers are ordering items that ran out before the order was even placed.,"Sync job failing silently on malformed records. Added validation and alerting, then reprocessed the backlog.",11.2
INC-2026-04651,2026-04-18T21:30,Retail,Store 014 Oslo,Point of sale,ERR-6205,Low,Resolved,Logistics,Till freezing during busy period,Screen stops accepting input at the worst moment and the sale has to be started again.,Thermal shutdown from blocked vents behind the counter. Relocated and cleaned.,4.3
INC-2026-04867,2026-06-03T06:30,Energy,Substation Kollsnes,Transformer cooling,ERR-7744,High,Resolved,Substation Field,Unit running warmer than its neighbours,"It is noticeably warmer to stand next to than the one beside it, carrying the same current.",Blocked airflow from vegetation growth against the enclosure. Cleared and trimmed back.,11.4
INC-2026-04659,2026-02-03T04:00,Payments,Gateway North,Settlement batch,ERR-4310,High,Resolved,Fraud Engineering,End of day batch did not complete,"The file came back rejected with a format complaint, so settlement did not post for the day.",Downstream schema change not applied in our mapping. Updated the mapping and reran.,15.4
INC-2026-04298,2026-07-16T15:45,Maritime,MV Nordlys,Fuel system,ERR-5140,High,Resolved,Rotating Equipment,Auxiliary engine losing power intermittently,Power dips away and returns without anyone touching the controls.,Air ingress at a loose union on the suction side. Tightened and pressure tested.,7.6
INC-2026-04809,2026-03-04T08:00,Retail,DC Vestby,Inventory sync,ERR-6410,High,Resolved,E-commerce,Online availability showing items that are sold out,What the system believes is in the building bears no relation to what is in the building.,Clock skew between systems caused updates to be discarded as out of order. Corrected NTP.,11.8
INC-2026-04930,2026-04-05T14:30,Payments,Gateway Core,Fraud scoring,ERR-4102,High,Closed,Payments Platform,False positives spiking on new rule,Genuine customers are being stopped at a rate we have not seen before.,Threshold misconfigured during deployment. Corrected and validated against the holdout set.,6.0
INC-2026-04491,2026-01-26T01:45,Payments,Gateway West,Settlement batch,ERR-4310,Medium,Resolved,Core Banking,Settlement file rejected by clearing,Batch stalled partway through and had to be restarted from the last checkpoint.,Trailing record count mismatch caused by a duplicated entry. Deduplicated and resubmitted.,11.9
INC-2026-04013,2026-02-03T18:30,Energy,Substation Fana,Transformer cooling,ERR-7744,Critical,Closed,Substation Field,Overtemperature warning during evening peak,"It is noticeably warmer to stand next to than the one beside it, carrying the same current.",Blocked airflow from vegetation growth against the enclosure. Cleared and trimmed back.,14.1
INC-2026-04062,2026-06-10T21:30,Energy,Substation Rong,Transformer cooling,ERR-7744,Critical,Closed,SCADA,Unit running warmer than its neighbours,Unit runs hotter than the others on the same bus under identical load.,Blocked airflow from vegetation growth against the enclosure. Cleared and trimmed back.,10.6
INC-2026-04756,2026-03-31T12:45,Energy,Substation Fana,Transformer cooling,ERR-7744,Critical,Closed,Substation Field,Overtemperature warning during evening peak,"Sits several degrees above where it has historically run, with load unchanged.","Two cooling fans had failed. Replaced both, temperature returned to its normal profile within the hour.",6.5
INC-2026-04490,2026-06-18T22:45,Maritime,MV Havbris,Fuel system,ERR-5140,Medium,Resolved,Bridge Systems,Fuel pressure fluctuating on auxiliary engine,Reading is restless. It never sits still long enough to take a proper number off it.,Air ingress at a loose union on the suction side. Tightened and pressure tested.,4.0
INC-2026-04824,2026-06-01T11:15,Payments,Gateway North,Fraud scoring,ERR-4102,Medium,Closed,Payments Platform,Review queue backing up,Genuine customers are being stopped at a rate we have not seen before.,Feature store query missing an index after a schema change. Index rebuilt and latency recovered.,7.4
INC-2026-04735,2026-01-23T20:45,Maritime,MV Bergen Star,Navigation display,ERR-2203,Medium,Resolved,Bridge Systems,Console blanking intermittently,"Display goes dark without warning and comes back after a minute, nothing in the alarm log.","Loose display cable at the bulkhead connector. Reseated and secured, no further dropouts.",4.6
INC-2026-04905,2026-08-19T09:15,Retail,DC Vestby,Receipt printer,ERR-6250,Medium,Closed,E-commerce,No receipt at end of transaction,"Paper feeds a few lines then gives up, leaving the customer with half a slip.",Printer driver incompatible with the latest POS release. Rolled back the driver.,2.1
INC-2026-04759,2026-08-17T18:00,Maritime,MV Nordlys,Navigation display,ERR-2203,High,Resolved,Bridge Systems,Bridge display unresponsive during watch,"Display goes dark without warning and comes back after a minute, nothing in the alarm log.",Firmware defect in the chart renderer. Applied vendor patch 4.2.1.,3.8
INC-2026-04386,2026-01-15T23:30,Retail,Store 014 Oslo,Receipt printer,ERR-6250,Low,Resolved,Store Systems,No receipt at end of transaction,It produces the top of the receipt and then simply stops.,Worn feed roller slipping under load. Replaced the roller assembly.,1.1
INC-2026-04285,2026-07-13T11:30,Maritime,MV Havbris,Fuel system,ERR-5140,Medium,In Progress,Bridge Systems,Fuel pressure fluctuating on auxiliary engine,"Watch reports the machine hunting at constant load, never quite holding a figure.",,
INC-2026-04527,2026-02-03T23:45,Payments,Gateway North,Settlement batch,ERR-4310,Medium,In Progress,Core Banking,Daily reconciliation out by a file,"The file came back rejected with a format complaint, so settlement did not post for the day.",,
INC-2026-04135,2026-04-10T02:15,Maritime,MV Nordlys,Fuel system,ERR-5140,Medium,Resolved,Rotating Equipment,Fuel pressure fluctuating on auxiliary engine,Power dips away and returns without anyone touching the controls.,Fuel filter partially blocked. Replaced the element and bled the system.,8.1
INC-2026-04601,2026-06-20T18:30,Retail,DC Larvik,Point of sale,ERR-6205,High,Resolved,Logistics,Till freezing during busy period,Terminal locks solid mid transaction when the queue is long and staff have to restart it.,Faulty power supply under load. Replaced the unit with no repeat over the following week.,8.7
INC-2026-04668,2026-02-02T21:45,Retail,Store 014 Oslo,Point of sale,ERR-6205,Low,Resolved,Logistics,Lane out of service at peak,Terminal locks solid mid transaction when the queue is long and staff have to restart it.,Failing memory module. Swapped the board and soak tested through a full trading day.,2.5
INC-2026-04834,2026-05-30T15:45,Retail,Store 031 Bergen,Inventory sync,ERR-6410,High,Resolved,Logistics,Online availability showing items that are sold out,Counts in the system do not match what staff find when they physically check the shelf.,Clock skew between systems caused updates to be discarded as out of order. Corrected NTP.,7.8
INC-2026-04765,2026-04-16T19:30,Retail,Store 031 Bergen,Inventory sync,ERR-6410,High,In Progress,Store Systems,Counts disagree between systems,What the system believes is in the building bears no relation to what is in the building.,,
INC-2026-04517,2026-01-31T16:00,Payments,Gateway North,Settlement batch,ERR-4310,Medium,Closed,Core Banking,Daily reconciliation out by a file,Submission bounced. The totals at the end of it did not agree with the body.,Trailing record count mismatch caused by a duplicated entry. Deduplicated and resubmitted.,20.4
INC-2026-04849,2026-01-20T04:30,Payments,Scoring Cluster A,Card authorisation,ERR-4001,High,Resolved,Core Banking,Elevated decline rate on card payments,People are being refused at the final step even though their cards are perfectly good.,Connection pool exhausted after a traffic spike. Raised the pool size and added backpressure.,1.8
INC-2026-04470,2026-02-03T11:30,Energy,Substation Fana,Transformer cooling,ERR-7744,Medium,Closed,Substation Field,Unit running warmer than its neighbours,Thermal margin has been shrinking week on week and nobody can point at a cause.,Blocked airflow from vegetation growth against the enclosure. Cleared and trimmed back.,6.4
INC-2026-04887,2026-07-25T13:45,Payments,Gateway North,Card authorisation,ERR-4001,High,Resolved,Fraud Engineering,Authorisation success rate dropped,Approval numbers fell off a cliff and have not come back on their own.,Upstream acquirer degraded. Failed over to the secondary route and rates recovered immediately.,2.0
INC-2026-04999,2026-01-29T04:45,Retail,DC Vestby,Receipt printer,ERR-6250,Medium,Closed,E-commerce,Receipt printer not responding,Output dies mid print and the transaction has to be put through again.,Worn feed roller slipping under load. Replaced the roller assembly.,0.8
INC-2026-04267,2026-06-17T17:45,Energy,Substation Fana,SCADA link,ERR-3310,Medium,Resolved,Grid Operations,Telemetry gap from remote site,We lose sight of it for minutes at a time and then it is back as though nothing happened.,Polling interval too aggressive after a config change. Reverted to the previous setting.,5.5
INC-2026-04796,2026-09-03T14:00,Energy,Substation Fana,SCADA link,ERR-3310,Medium,Resolved,Grid Operations,SCADA polling timeouts overnight,Trend shows holes in the record overnight that filled themselves in by morning.,Radio link degraded by weather. Repointed the antenna and improved the margin.,1.0
INC-2026-04410,2026-04-08T12:45,Energy,Substation Ålgård,SCADA link,ERR-3310,High,Resolved,Substation Field,SCADA polling timeouts overnight,The site went quiet. Nothing came in until it suddenly caught up in one burst.,Polling interval too aggressive after a config change. Reverted to the previous setting.,2.0
INC-2026-04059,2026-02-28T15:00,Energy,Substation Fana,Protection relay,ERR-7120,High,Resolved,Grid Operations,Unexpected breaker trip on feeder,"Came out for no reason anyone can establish, reclosed first time and has behaved since.","Moisture ingress in the relay panel causing spurious operation. Dried, sealed and retested.",12.8
INC-2026-04698,2026-01-09T12:15,Payments,Gateway West,Settlement batch,ERR-4310,High,Resolved,Core Banking,Settlement file rejected by clearing,"Clearing would not take the submission, so nothing landed where it should have.","Disk exhausted on the batch host mid write. Cleared space, added an alert and reran cleanly.",12.8
INC-2026-04128,2026-08-30T01:30,Retail,DC Larvik,Inventory sync,ERR-6410,Medium,Closed,Logistics,Stock levels out of step with warehouse,"Figures are a day behind, so every decision this morning was made on yesterday's picture.",Clock skew between systems caused updates to be discarded as out of order. Corrected NTP.,13.9
INC-2026-04359,2026-08-06T19:00,Energy,Substation Rong,SCADA link,ERR-3310,Medium,Resolved,Grid Operations,Telemetry gap from remote site,"Values freeze at their last figure, then jump to current once contact returns.",Polling interval too aggressive after a config change. Reverted to the previous setting.,2.5
INC-2026-04587,2026-08-19T19:00,Energy,Substation Fana,SCADA link,ERR-3310,Low,Closed,Substation Field,Outstation dropping off the system,"Values freeze at their last figure, then jump to current once contact returns.",Failing media converter at the site end. Swapped the unit and the gaps stopped.,4.1
INC-2026-04014,2026-05-10T14:15,Payments,Gateway North,Card authorisation,ERR-4001,High,Resolved,Fraud Engineering,Customers reporting failed checkout,Support is fielding complaints that the payment page hangs and then gives up.,Upstream acquirer degraded. Failed over to the secondary route and rates recovered immediately.,3.5
INC-2026-04662,2026-03-29T03:15,Energy,Substation Ålgård,SCADA link,ERR-3310,Medium,Resolved,Substation Field,Outstation dropping off the system,The site went quiet. Nothing came in until it suddenly caught up in one burst.,Radio link degraded by weather. Repointed the antenna and improved the margin.,9.2
INC-2026-04481,2026-05-26T17:00,Retail,DC Larvik,Inventory sync,ERR-6410,Low,Resolved,Store Systems,Stock levels out of step with warehouse,Counts in the system do not match what staff find when they physically check the shelf.,Clock skew between systems caused updates to be discarded as out of order. Corrected NTP.,17.2
INC-2026-04097,2026-07-27T20:30,Retail,Store 031 Bergen,Point of sale,ERR-6205,Medium,Closed,E-commerce,Checkout terminal restarting unexpectedly,"Goes down on its own without anyone touching it, then comes back a minute later.",Failing memory module. Swapped the board and soak tested through a full trading day.,3.0
INC-2026-04705,2026-03-28T08:30,Retail,Store 014 Oslo,Point of sale,ERR-6205,Medium,Resolved,Logistics,Till freezing during busy period,"Goes down on its own without anyone touching it, then comes back a minute later.",Faulty power supply under load. Replaced the unit with no repeat over the following week.,4.1
INC-2026-04556,2026-07-25T01:15,Maritime,MV Kvitøy,Navigation display,ERR-2203,Medium,In Progress,Hull & Deck,Console blanking intermittently,"Watchkeeper cannot interact with it for short spells, then it wakes up again.",,
INC-2026-04880,2026-02-27T11:30,Payments,Gateway North,Card authorisation,ERR-4001,High,In Progress,Core Banking,Authorisation success rate dropped,"A fifth of attempts are bouncing back, where it is normally a rounding error.",,
INC-2026-04573,2026-09-03T14:30,Retail,Store 031 Bergen,Inventory sync,ERR-6410,Medium,Resolved,Logistics,Counts disagree between systems,Customers are ordering items that ran out before the order was even placed.,Message queue backed up behind a poison message. Removed it and replayed the remainder.,18.4
INC-2026-04174,2026-07-11T09:30,Maritime,MV Havbris,Fuel system,ERR-5140,Medium,Closed,Bridge Systems,Uneven running on auxiliary engine,Power dips away and returns without anyone touching the controls.,Fuel filter partially blocked. Replaced the element and bled the system.,6.7
INC-2026-04884,2026-09-01T11:30,Maritime,MV Storfjord,Fuel system,ERR-5140,Medium,Closed,Bridge Systems,Auxiliary engine losing power intermittently,Gauge will not settle. It wanders either side of where it should sit.,Fuel filter partially blocked. Replaced the element and bled the system.,7.9
INC-2026-04326,2026-09-01T00:30,Maritime,MV Bergen Star,Navigation display,ERR-2203,Medium,Closed,Rotating Equipment,Chart display freezing on bridge console,Console stops responding to touch and only recovers after a power cycle.,Failing power supply in the console. Replaced the unit and monitored for a full watch.,4.2
INC-2026-04545,2026-08-11T04:00,Energy,Substation Fana,Transformer cooling,ERR-7744,Medium,Resolved,Substation Field,Unit running warmer than its neighbours,"Gradual rise on the trend, small each day, obvious across a month.",Blocked airflow from vegetation growth against the enclosure. Cleared and trimmed back.,19.8
INC-2026-04609,2026-06-03T17:15,Maritime,MV Havbris,Navigation display,ERR-2203,Medium,Resolved,Rotating Equipment,Console blanking intermittently,"Image stalls and the vessel symbol stops moving, though position is clearly still changing.",Firmware defect in the chart renderer. Applied vendor patch 4.2.1.,7.0
INC-2026-04141,2026-08-21T20:00,Payments,Scoring Cluster A,Card authorisation,ERR-4001,Critical,Resolved,Payments Platform,Elevated decline rate on card payments,"Customers say payment spins and then fails, and a retry usually works on the second attempt.",Connection pool exhausted after a traffic spike. Raised the pool size and added backpressure.,1.0
INC-2026-04494,2026-06-23T19:30,Energy,Substation Ålgård,Protection relay,ERR-7120,High,Resolved,Substation Field,Unexpected breaker trip on feeder,"Protection operated during a routine switching sequence, with no damage identified downstream.",Current transformer wiring reversed on one phase after maintenance. Corrected and tested.,17.7
INC-2026-04282,2026-06-06T19:45,Retail,Store 022 Trondheim,Point of sale,ERR-6205,High,Resolved,Store Systems,Lane out of service at peak,"Unit reboots by itself a few times a day, always around the busiest hours.",Failing memory module. Swapped the board and soak tested through a full trading day.,7.1
INC-2026-04427,2026-02-22T19:30,Energy,Substation Rong,Protection relay,ERR-7120,Critical,In Progress,SCADA,Unexpected breaker trip on feeder,"Feeder tripped out with nothing obvious on the line, and supply was restored manually after inspection.",,
INC-2026-04533,2026-09-13T23:30,Maritime,MV Nordlys,Fuel system,ERR-5140,Medium,Closed,Hull & Deck,Auxiliary engine losing power intermittently,"Brief hesitation every so often, as though it is starving for a moment and then catching again.",Air ingress at a loose union on the suction side. Tightened and pressure tested.,9.8
INC-2026-04657,2026-06-22T05:15,Energy,Substation Fana,Transformer cooling,ERR-7744,Medium,Resolved,Substation Field,Overtemperature warning during evening peak,"It is noticeably warmer to stand next to than the one beside it, carrying the same current.",Radiator fins heavily fouled. Cleaned and flushed to restore rated cooling capacity.,10.4
INC-2026-04793,2026-07-14T20:15,Retail,DC Larvik,Inventory sync,ERR-6410,Medium,Resolved,E-commerce,Stock levels out of step with warehouse,Customers are ordering items that ran out before the order was even placed.,"Sync job failing silently on malformed records. Added validation and alerting, then reprocessed the backlog.",10.6
INC-2026-04378,2026-07-15T12:15,Retail,Store 014 Oslo,Receipt printer,ERR-6250,Medium,Closed,Logistics,No receipt at end of transaction,Staff hand over a torn stub because the machine quit in the middle of it.,Paper sensor dirty and reporting empty. Cleaned and recalibrated.,2.7
INC-2026-04675,2026-08-12T01:45,Energy,Substation Kollsnes,Transformer cooling,ERR-7744,Critical,Closed,Substation Field,Overtemperature warning during evening peak,"Gradual rise on the trend, small each day, obvious across a month.",Radiator fins heavily fouled. Cleaned and flushed to restore rated cooling capacity.,25.9
INC-2026-04907,2026-04-01T15:00,Payments,Gateway West,Card authorisation,ERR-4001,High,Resolved,Payments Platform,Customers reporting failed checkout,Volume looks normal but far fewer of them are completing than they should.,Connection pool exhausted after a traffic spike. Raised the pool size and added backpressure.,1.8
INC-2026-04586,2026-03-09T17:30,Retail,Store 014 Oslo,Point of sale,ERR-6205,Medium,In Progress,Logistics,Lane out of service at peak,Freezes solid with a customer standing there and the basket half scanned.,,
INC-2026-04728,2026-05-16T16:00,Maritime,MV Kvitøy,Navigation display,ERR-2203,Medium,Closed,Bridge Systems,Bridge display unresponsive during watch,"Display goes dark without warning and comes back after a minute, nothing in the alarm log.",Failing power supply in the console. Replaced the unit and monitored for a full watch.,6.1
INC-2026-04713,2026-04-23T07:15,Energy,Substation Ålgård,Transformer cooling,ERR-7744,High,Closed,SCADA,Transformer temperature trending high,Readings climb steadily through the afternoon peak and no longer settle overnight the way they used to.,Radiator fins heavily fouled. Cleaned and flushed to restore rated cooling capacity.,17.7
INC-2026-04961,2026-07-20T20:15,Payments,Gateway North,Fraud scoring,ERR-4102,Low,Resolved,Payments Platform,Fraud model scoring slowly,Queue depth has been climbing all day and the team cannot work through it fast enough.,Threshold misconfigured during deployment. Corrected and validated against the holdout set.,14.0
INC-2026-04236,2026-05-19T18:45,Payments,Gateway West,Fraud scoring,ERR-4102,Medium,Closed,Payments Platform,Review queue backing up,Analysts are drowning in referrals that turn out to be perfectly ordinary purchases.,Feature store query missing an index after a schema change. Index rebuilt and latency recovered.,14.2
INC-2026-04241,2026-06-14T17:15,Payments,Scoring Cluster A,Fraud scoring,ERR-4102,High,Resolved,Fraud Engineering,Fraud model scoring slowly,Far more legitimate transactions are being held for review than usual since yesterday.,Threshold misconfigured during deployment. Corrected and validated against the holdout set.,13.5
INC-2026-04218,2026-03-07T14:30,Maritime,MV Havbris,Fuel system,ERR-5140,Medium,Resolved,Rotating Equipment,Uneven running on auxiliary engine,Engine drops revs briefly every few minutes then recovers on its own.,Air ingress at a loose union on the suction side. Tightened and pressure tested.,4.1
INC-2026-04173,2026-05-17T15:45,Maritime,MV Havbris,Fuel system,ERR-5140,Medium,Resolved,Hull & Deck,Uneven running on auxiliary engine,Reading is restless. It never sits still long enough to take a proper number off it.,Fuel filter partially blocked. Replaced the element and bled the system.,8.6
INC-2026-04325,2026-09-12T00:45,Maritime,MV Bergen Star,Fuel system,ERR-5140,Medium,Closed,Rotating Equipment,Uneven running on auxiliary engine,"Watch reports the machine hunting at constant load, never quite holding a figure.",Fuel filter partially blocked. Replaced the element and bled the system.,9.5
INC-2026-04524,2026-05-11T05:45,Payments,Gateway Core,Settlement batch,ERR-4310,High,Closed,Core Banking,End of day batch did not complete,Overnight run stopped halfway and left the day only partly posted.,Trailing record count mismatch caused by a duplicated entry. Deduplicated and resubmitted.,20.6
INC-2026-04811,2026-06-24T14:30,Retail,Store 022 Trondheim,Point of sale,ERR-6205,Medium,Resolved,E-commerce,Checkout terminal restarting unexpectedly,Terminal locks solid mid transaction when the queue is long and staff have to restart it.,Thermal shutdown from blocked vents behind the counter. Relocated and cleaned.,8.3
INC-2026-04299,2026-02-20T18:30,Energy,Substation Ålgård,SCADA link,ERR-3310,Medium,Closed,Grid Operations,Telemetry gap from remote site,"Nothing reported in from that location for a stretch, with no alarm to say why.",Polling interval too aggressive after a config change. Reverted to the previous setting.,2.9
INC-2026-04335,2026-06-13T16:45,Energy,Substation Fana,SCADA link,ERR-3310,High,Resolved,Substation Field,Telemetry gap from remote site,"Control room had no readings from the site for about twenty minutes, then everything reappeared at once.",Failing media converter at the site end. Swapped the unit and the gaps stopped.,3.5
INC-2026-04736,2026-01-08T13:00,Maritime,MV Havbris,Navigation display,ERR-2203,Medium,Closed,Bridge Systems,Console blanking intermittently,Picture freezes mid update. Everything else on the bridge carries on as normal.,Firmware defect in the chart renderer. Applied vendor patch 4.2.1.,6.9
INC-2026-04121,2026-03-19T19:30,Retail,Store 022 Trondheim,Receipt printer,ERR-6250,Medium,Closed,Store Systems,Receipt printer not responding,It produces the top of the receipt and then simply stops.,Worn feed roller slipping under load. Replaced the roller assembly.,1.1
INC-2026-04277,2026-04-07T02:00,Retail,Store 022 Trondheim,Receipt printer,ERR-6250,Medium,Resolved,Store Systems,Receipt printer not responding,"Nothing comes out at all, though the terminal reports the sale completed.",Worn feed roller slipping under load. Replaced the roller assembly.,4.6
INC-2026-04420,2026-07-18T20:30,Retail,Store 022 Trondheim,Inventory sync,ERR-6410,Low,Resolved,Logistics,Online availability showing items that are sold out,"The website is offering products the shelf does not actually have, and customers arrive to collect nothing.",Clock skew between systems caused updates to be discarded as out of order. Corrected NTP.,13.2
INC-2026-04599,2026-05-13T13:45,Maritime,MV Bergen Star,Fuel system,ERR-5140,Medium,Resolved,Rotating Equipment,Fuel pressure fluctuating on auxiliary engine,"Brief hesitation every so often, as though it is starving for a moment and then catching again.",Lift pump diaphragm perished. Renewed the pump and confirmed steady supply pressure.,9.3
INC-2026-04571,2026-05-03T06:45,Energy,Substation Rong,Protection relay,ERR-7120,Critical,Resolved,Grid Operations,Feeder lost supply without cause,"Operated during normal conditions, and a full inspection turned up nothing at all.","Moisture ingress in the relay panel causing spurious operation. Dried, sealed and retested.",5.2
INC-2026-04828,2026-08-20T14:15,Retail,Store 022 Trondheim,Point of sale,ERR-6205,High,Closed,Store Systems,Till freezing during busy period,Terminal locks solid mid transaction when the queue is long and staff have to restart it.,Faulty power supply under load. Replaced the unit with no repeat over the following week.,7.3
INC-2026-04563,2026-08-26T08:45,Energy,Substation Rong,Transformer cooling,ERR-7744,High,Resolved,Substation Field,Overtemperature warning during evening peak,"Gradual rise on the trend, small each day, obvious across a month.",Radiator fins heavily fouled. Cleaned and flushed to restore rated cooling capacity.,19.3
INC-2026-04380,2026-07-25T02:30,Retail,Store 014 Oslo,Inventory sync,ERR-6410,Medium,Resolved,Store Systems,Counts disagree between systems,What the system believes is in the building bears no relation to what is in the building.,"Sync job failing silently on malformed records. Added validation and alerting, then reprocessed the backlog.",6.4
INC-2026-04213,2026-07-06T06:15,Energy,Substation Fana,Protection relay,ERR-7120,Critical,Resolved,Grid Operations,Unexpected breaker trip on feeder,"Supply dropped with no weather, no work in progress and nothing on the overhead.",Current transformer wiring reversed on one phase after maintenance. Corrected and tested.,10.6
INC-2026-04394,2026-03-18T09:00,Maritime,MV Kvitøy,Fuel system,ERR-5140,Low,Resolved,Bridge Systems,Uneven running on auxiliary engine,Gauge will not settle. It wanders either side of where it should sit.,Lift pump diaphragm perished. Renewed the pump and confirmed steady supply pressure.,2.6
INC-2026-04328,2026-03-16T21:00,Retail,Store 014 Oslo,Point of sale,ERR-6205,Medium,Resolved,E-commerce,Lane out of service at peak,"Goes down on its own without anyone touching it, then comes back a minute later.",Faulty power supply under load. Replaced the unit with no repeat over the following week.,3.0
INC-2026-04707,2026-01-28T14:30,Retail,Store 014 Oslo,Inventory sync,ERR-6410,Medium,Resolved,E-commerce,Online availability showing items that are sold out,Counts in the system do not match what staff find when they physically check the shelf.,"Sync job failing silently on malformed records. Added validation and alerting, then reprocessed the backlog.",3.0
INC-2026-04620,2026-08-29T17:15,Retail,Store 022 Trondheim,Inventory sync,ERR-6410,High,Resolved,Store Systems,Stock levels out of step with warehouse,Counts in the system do not match what staff find when they physically check the shelf.,Message queue backed up behind a poison message. Removed it and replayed the remainder.,9.4
INC-2026-04336,2026-06-29T11:30,Payments,Gateway North,Card authorisation,ERR-4001,High,Resolved,Payments Platform,Customers reporting failed checkout,"More transactions than normal are being turned away, with no pattern by card type or issuer.",Connection pool exhausted after a traffic spike. Raised the pool size and added backpressure.,3.2
INC-2026-04664,2026-02-25T08:15,Maritime,MV Havbris,Navigation display,ERR-2203,Medium,Closed,Rotating Equipment,Chart display freezing on bridge console,"Unit drops out briefly two or three times a watch, always without an alarm.",Failing power supply in the console. Replaced the unit and monitored for a full watch.,5.4
INC-2026-04054,2026-07-19T08:30,Retail,Store 031 Bergen,Inventory sync,ERR-6410,High,Resolved,Store Systems,Counts disagree between systems,"Figures are a day behind, so every decision this morning was made on yesterday's picture.","Sync job failing silently on malformed records. Added validation and alerting, then reprocessed the backlog.",14.5
INC-2026-04493,2026-04-24T00:15,Energy,Substation Rong,Transformer cooling,ERR-7744,High,Resolved,Substation Field,Unit running warmer than its neighbours,Temperature creeping up over several days with no change in demand to explain it.,Radiator fins heavily fouled. Cleaned and flushed to restore rated cooling capacity.,6.4
INC-2026-04436,2026-01-20T08:00,Payments,Gateway North,Card authorisation,ERR-4001,High,Closed,Core Banking,Elevated decline rate on card payments,Support is fielding complaints that the payment page hangs and then gives up.,Connection pool exhausted after a traffic spike. Raised the pool size and added backpressure.,3.3
INC-2026-04369,2026-02-27T13:15,Retail,Store 014 Oslo,Receipt printer,ERR-6250,Medium,Closed,Logistics,Receipt printer not responding,"Paper feeds a few lines then gives up, leaving the customer with half a slip.",Paper sensor dirty and reporting empty. Cleaned and recalibrated.,3.0
INC-2026-04815,2026-09-10T05:45,Payments,Gateway North,Card authorisation,ERR-4001,High,Resolved,Fraud Engineering,Elevated decline rate on card payments,Approval numbers fell off a cliff and have not come back on their own.,Upstream acquirer degraded. Failed over to the secondary route and rates recovered immediately.,5.0
INC-2026-04297,2026-04-22T17:00,Maritime,MV Kvitøy,Fuel system,ERR-5140,High,Resolved,Bridge Systems,Uneven running on auxiliary engine,"Pressure reading swings up and down rather than holding steady, and the engine surges slightly with it.",Air ingress at a loose union on the suction side. Tightened and pressure tested.,5.4
INC-2026-04909,2026-01-13T23:00,Payments,Gateway North,Fraud scoring,ERR-4102,Medium,Resolved,Fraud Engineering,Fraud model scoring slowly,Response times have crept up to the point where the checkout feels sluggish.,Feature store query missing an index after a schema change. Index rebuilt and latency recovered.,7.1
INC-2026-04886,2026-08-29T01:00,Energy,Substation Kollsnes,Transformer cooling,ERR-7744,High,Resolved,Grid Operations,Unit running warmer than its neighbours,"Sits several degrees above where it has historically run, with load unchanged.",Blocked airflow from vegetation growth against the enclosure. Cleared and trimmed back.,13.8
INC-2026-04201,2026-02-19T11:15,Maritime,MV Kvitøy,Navigation display,ERR-2203,Medium,Resolved,Bridge Systems,Console blanking intermittently,"Watchkeeper cannot interact with it for short spells, then it wakes up again.",Failing power supply in the console. Replaced the unit and monitored for a full watch.,3.1
INC-2026-04425,2026-07-14T21:30,Maritime,MV Bergen Star,Fuel system,ERR-5140,Medium,Resolved,Bridge Systems,Uneven running on auxiliary engine,"Pressure reading swings up and down rather than holding steady, and the engine surges slightly with it.",Fuel filter partially blocked. Replaced the element and bled the system.,9.7
INC-2026-04985,2026-08-23T20:00,Energy,Substation Kollsnes,SCADA link,ERR-3310,Low,Resolved,Substation Field,SCADA polling timeouts overnight,"Values freeze at their last figure, then jump to current once contact returns.",Radio link degraded by weather. Repointed the antenna and improved the margin.,3.9
INC-2026-04443,2026-07-05T22:00,Retail,Store 014 Oslo,Point of sale,ERR-6205,Medium,Resolved,Store Systems,Till freezing during busy period,"Goes down on its own without anyone touching it, then comes back a minute later.",Failing memory module. Swapped the board and soak tested through a full trading day.,4.3
INC-2026-04548,2026-08-14T06:45,Maritime,MV Storfjord,Fuel system,ERR-5140,High,Resolved,Hull & Deck,Uneven running on auxiliary engine,"Brief hesitation every so often, as though it is starving for a moment and then catching again.",Fuel filter partially blocked. Replaced the element and bled the system.,4.4
INC-2026-04373,2026-01-07T15:15,Payments,Gateway Core,Card authorisation,ERR-4001,Critical,Closed,Payments Platform,Authorisation success rate dropped,Volume looks normal but far fewer of them are completing than they should.,Connection pool exhausted after a traffic spike. Raised the pool size and added backpressure.,1.4
INC-2026-04446,2026-03-23T21:00,Maritime,MV Storfjord,Fuel system,ERR-5140,Medium,In Progress,Hull & Deck,Fuel pressure fluctuating on auxiliary engine,Power dips away and returns without anyone touching the controls.,,
INC-2026-04240,2026-01-24T00:00,Payments,Gateway West,Card authorisation,ERR-4001,Medium,Closed,Core Banking,Elevated decline rate on card payments,"More transactions than normal are being turned away, with no pattern by card type or issuer.","Expired certificate on the acquirer link. Renewed and redeployed, success rate normalised.",5.5
INC-2026-04354,2026-04-30T08:00,Retail,DC Vestby,Point of sale,ERR-6205,Medium,Resolved,E-commerce,Till freezing during busy period,Freezes solid with a customer standing there and the basket half scanned.,Faulty power supply under load. Replaced the unit with no repeat over the following week.,7.8
INC-2026-04162,2026-01-10T11:45,Retail,Store 014 Oslo,Receipt printer,ERR-6250,Low,Resolved,E-commerce,No receipt at end of transaction,"Nothing comes out at all, though the terminal reports the sale completed.",Printer driver incompatible with the latest POS release. Rolled back the driver.,2.4
INC-2026-04453,2026-03-15T06:00,Energy,Substation Fana,SCADA link,ERR-3310,High,Closed,Substation Field,SCADA polling timeouts overnight,"Nothing reported in from that location for a stretch, with no alarm to say why.",Radio link degraded by weather. Repointed the antenna and improved the margin.,2.5
INC-2026-04960,2026-08-08T12:45,Maritime,MV Kvitøy,Navigation display,ERR-2203,Low,Closed,Rotating Equipment,Chart display freezing on bridge console,Console stops responding to touch and only recovers after a power cycle.,Failing power supply in the console. Replaced the unit and monitored for a full watch.,1.4
INC-2026-04578,2026-06-14T15:00,Energy,Substation Rong,Protection relay,ERR-7120,High,Closed,Substation Field,Relay operated with no fault found,"Supply dropped with no weather, no work in progress and nothing on the overhead.",Current transformer wiring reversed on one phase after maintenance. Corrected and tested.,3.5
INC-2026-04579,2026-08-04T10:15,Retail,DC Larvik,Point of sale,ERR-6205,Low,Resolved,E-commerce,Lane out of service at peak,"It gives up under pressure. Quiet mornings are fine, Saturday afternoon is not.",Failing memory module. Swapped the board and soak tested through a full trading day.,3.9
INC-2026-04946,2026-05-28T11:45,Payments,Gateway North,Settlement batch,ERR-4310,High,Closed,Fraud Engineering,Daily reconciliation out by a file,The run failed silently and was only noticed when the morning figures did not balance.,Downstream schema change not applied in our mapping. Updated the mapping and reran.,7.7
INC-2026-04878,2026-02-22T07:00,Retail,Store 014 Oslo,Inventory sync,ERR-6410,High,Resolved,E-commerce,Online availability showing items that are sold out,Counts in the system do not match what staff find when they physically check the shelf.,Message queue backed up behind a poison message. Removed it and replayed the remainder.,11.7
INC-2026-04694,2026-06-24T13:30,Payments,Gateway Core,Fraud scoring,ERR-4102,High,Resolved,Fraud Engineering,False positives spiking on new rule,Scoring calls take several seconds where they normally return almost instantly.,Stale model artefact loaded on two nodes. Redeployed the correct version across the cluster.,15.7
INC-2026-04208,2026-06-23T15:45,Retail,Store 014 Oslo,Receipt printer,ERR-6250,Medium,Resolved,Store Systems,No receipt at end of transaction,"Nothing comes out at all, though the terminal reports the sale completed.",Paper sensor dirty and reporting empty. Cleaned and recalibrated.,1.7
INC-2026-04449,2026-04-13T21:30,Payments,Gateway West,Card authorisation,ERR-4001,Critical,Closed,Payments Platform,Customers reporting failed checkout,"More transactions than normal are being turned away, with no pattern by card type or issuer.",Upstream acquirer degraded. Failed over to the secondary route and rates recovered immediately.,4.2
INC-2026-04646,2026-07-05T03:00,Retail,DC Larvik,Inventory sync,ERR-6410,Medium,Resolved,Store Systems,Counts disagree between systems,Numbers on screen and numbers on the rack are two different stories.,Message queue backed up behind a poison message. Removed it and replayed the remainder.,4.8
INC-2026-04172,2026-06-19T14:45,Payments,Gateway West,Card authorisation,ERR-4001,High,Resolved,Fraud Engineering,Authorisation success rate dropped,Success rate dropped from its usual level to around eighty percent over about ten minutes.,Upstream acquirer degraded. Failed over to the secondary route and rates recovered immediately.,1.2
INC-2026-04404,2026-03-07T15:45,Energy,Substation Fana,Protection relay,ERR-7120,Critical,Resolved,SCADA,Unexpected breaker trip on feeder,"Went off with a clean line. Nothing burnt, nothing down, nothing touching it.",Relay setting group left on the commissioning profile. Restored operational settings.,17.9
INC-2026-04970,2026-07-31T20:30,Maritime,MV Kvitøy,Fuel system,ERR-5140,Medium,Closed,Hull & Deck,Uneven running on auxiliary engine,Power dips away and returns without anyone touching the controls.,Air ingress at a loose union on the suction side. Tightened and pressure tested.,7.3
INC-2026-04275,2026-06-01T13:30,Maritime,MV Kvitøy,Navigation display,ERR-2203,Medium,Resolved,Bridge Systems,Console blanking intermittently,Picture freezes mid update. Everything else on the bridge carries on as normal.,Failing power supply in the console. Replaced the unit and monitored for a full watch.,7.4
INC-2026-04532,2026-06-03T16:30,Maritime,MV Kvitøy,Fuel system,ERR-5140,High,Resolved,Hull & Deck,Auxiliary engine losing power intermittently,"Output is uneven under steady demand, with no alarm raised.",Lift pump diaphragm perished. Renewed the pump and confirmed steady supply pressure.,7.0
INC-2026-04509,2026-07-19T13:30,Payments,Gateway West,Fraud scoring,ERR-4102,High,Resolved,Core Banking,Fraud model scoring slowly,Response times have crept up to the point where the checkout feels sluggish.,Threshold misconfigured during deployment. Corrected and validated against the holdout set.,14.8
INC-2026-04048,2026-03-01T01:30,Payments,Gateway West,Fraud scoring,ERR-4102,High,Resolved,Core Banking,Fraud model scoring slowly,"Overnight job still running well into the morning, leaving downstream reports delayed.",Stale model artefact loaded on two nodes. Redeployed the correct version across the cluster.,13.4
INC-2026-04673,2026-08-09T04:30,Maritime,MV Bergen Star,Bearing assembly,ERR-5012,High,Closed,Hull & Deck,Vibration alarm on main pump during ramp-up,"Noticeable judder from the housing above three quarters output, easing off as soon as demand drops.","Soft foot on the mounting. Shimmed and re-torqued base bolts, retested at full load with no recurrence.",12.8
INC-2026-04004,2026-01-11T11:15,Payments,Gateway West,Card authorisation,ERR-4001,Critical,Resolved,Payments Platform,Authorisation success rate dropped,Approval numbers fell off a cliff and have not come back on their own.,Upstream acquirer degraded. Failed over to the secondary route and rates recovered immediately.,4.5
INC-2026-04755,2026-08-02T09:45,Maritime,MV Storfjord,Fuel system,ERR-5140,Low,Closed,Hull & Deck,Uneven running on auxiliary engine,Engine drops revs briefly every few minutes then recovers on its own.,Air ingress at a loose union on the suction side. Tightened and pressure tested.,7.2
INC-2026-04257,2026-08-14T11:30,Retail,Store 031 Bergen,Inventory sync,ERR-6410,Low,Closed,E-commerce,Online availability showing items that are sold out,"Figures are a day behind, so every decision this morning was made on yesterday's picture.","Sync job failing silently on malformed records. Added validation and alerting, then reprocessed the backlog.",10.3
INC-2026-04489,2026-02-15T02:45,Retail,Store 014 Oslo,Receipt printer,ERR-6250,Medium,Closed,Logistics,No receipt at end of transaction,The till says done and the customer gets nothing to take away.,Paper sensor dirty and reporting empty. Cleaned and recalibrated.,1.5
INC-2026-04693,2026-05-26T06:00,Maritime,MV Storfjord,Fuel system,ERR-5140,Medium,Resolved,Hull & Deck,Fuel pressure fluctuating on auxiliary engine,"Brief hesitation every so often, as though it is starving for a moment and then catching again.",Air ingress at a loose union on the suction side. Tightened and pressure tested.,3.6
INC-2026-04310,2026-07-30T08:45,Maritime,MV Havbris,Fuel system,ERR-5140,Medium,Resolved,Rotating Equipment,Uneven running on auxiliary engine,"Brief hesitation every so often, as though it is starving for a moment and then catching again.",Fuel filter partially blocked. Replaced the element and bled the system.,4.6
INC-2026-04355,2026-08-12T06:00,Payments,Gateway West,Card authorisation,ERR-4001,Critical,Closed,Fraud Engineering,Elevated decline rate on card payments,"A fifth of attempts are bouncing back, where it is normally a rounding error.",Connection pool exhausted after a traffic spike. Raised the pool size and added backpressure.,5.9
INC-2026-04079,2026-06-28T07:15,Retail,Store 022 Trondheim,Receipt printer,ERR-6250,Low,Resolved,Logistics,No receipt at end of transaction,The till says done and the customer gets nothing to take away.,Worn feed roller slipping under load. Replaced the roller assembly.,0.6
INC-2026-04184,2026-02-26T10:45,Retail,Store 031 Bergen,Point of sale,ERR-6205,Low,Resolved,E-commerce,Till freezing during busy period,Screen stops accepting input at the worst moment and the sale has to be started again.,Thermal shutdown from blocked vents behind the counter. Relocated and cleaned.,2.2
INC-2026-04541,2026-05-08T15:30,Retail,DC Vestby,Inventory sync,ERR-6410,Low,Resolved,Store Systems,Online availability showing items that are sold out,"The nightly transfer arrived hours late, so morning picking worked from stale numbers.","Sync job failing silently on malformed records. Added validation and alerting, then reprocessed the backlog.",16.0
INC-2026-04432,2026-02-05T17:30,Maritime,MV Bergen Star,Fuel system,ERR-5140,Low,In Progress,Hull & Deck,Auxiliary engine losing power intermittently,Engine drops revs briefly every few minutes then recovers on its own.,,
INC-2026-04866,2026-08-18T23:00,Maritime,MV Nordlys,Bearing assembly,ERR-5012,High,Resolved,Hull & Deck,Main pump noisy at high output,"Noticeable judder from the housing above three quarters output, easing off as soon as demand drops.",Worn bearing races found on strip down. Renewed both bearings and rechecked alignment cold and hot.,16.1
INC-2026-04929,2026-02-04T21:15,Retail,Store 014 Oslo,Receipt printer,ERR-6250,Low,Resolved,Store Systems,Printing stops partway through a sale,Output dies mid print and the transaction has to be put through again.,Paper sensor dirty and reporting empty. Cleaned and recalibrated.,0.5
INC-2026-04982,2026-07-31T12:30,Energy,Substation Ålgård,Transformer cooling,ERR-7744,Medium,Resolved,SCADA,Transformer temperature trending high,"Gradual rise on the trend, small each day, obvious across a month.",Radiator fins heavily fouled. Cleaned and flushed to restore rated cooling capacity.,9.9
INC-2026-04139,2026-02-05T17:00,Energy,Substation Ålgård,Transformer cooling,ERR-7744,High,Resolved,Grid Operations,Unit running warmer than its neighbours,Control room sees the figure drifting upward and not recovering during the quiet hours.,Blocked airflow from vegetation growth against the enclosure. Cleared and trimmed back.,18.7
INC-2026-04068,2026-03-27T06:00,Retail,Store 014 Oslo,Point of sale,ERR-6205,High,Closed,Store Systems,Till freezing during busy period,"Goes down on its own without anyone touching it, then comes back a minute later.",Failing memory module. Swapped the board and soak tested through a full trading day.,5.0
INC-2026-04106,2026-06-18T18:30,Maritime,MV Bergen Star,Fuel system,ERR-5140,Medium,Resolved,Rotating Equipment,Fuel pressure fluctuating on auxiliary engine,"Brief hesitation every so often, as though it is starving for a moment and then catching again.",Air ingress at a loose union on the suction side. Tightened and pressure tested.,3.0
INC-2026-04650,2026-06-09T03:30,Retail,DC Larvik,Point of sale,ERR-6205,Medium,Closed,Store Systems,Lane out of service at peak,Freezes solid with a customer standing there and the basket half scanned.,Faulty power supply under load. Replaced the unit with no repeat over the following week.,6.6
INC-2026-04281,2026-07-11T04:15,Payments,Gateway West,Settlement batch,ERR-4310,High,Resolved,Fraud Engineering,Settlement file rejected by clearing,Job died in the middle and had to be picked up again from where it gave out.,Downstream schema change not applied in our mapping. Updated the mapping and reran.,11.2
INC-2026-04178,2026-03-05T19:30,Energy,Substation Rong,SCADA link,ERR-3310,High,Resolved,Substation Field,SCADA polling timeouts overnight,"Nothing reported in from that location for a stretch, with no alarm to say why.",Failing media converter at the site end. Swapped the unit and the gaps stopped.,3.9
INC-2026-04916,2026-07-05T08:15,Maritime,MV Nordlys,Bearing assembly,ERR-5012,Critical,Closed,Rotating Equipment,Main pump noisy at high output,Operator describes a rhythmic knocking that worsens the harder the unit works.,"Bearing clearance out of tolerance. Replaced bearing set and re-aligned coupling, vibration back within limits.",6.2
INC-2026-04409,2026-07-30T02:00,Payments,Gateway North,Card authorisation,ERR-4001,High,Resolved,Payments Platform,Customers reporting failed checkout,"More transactions than normal are being turned away, with no pattern by card type or issuer.","Expired certificate on the acquirer link. Renewed and redeployed, success rate normalised.",1.6
INC-2026-04990,2026-02-22T06:15,Retail,Store 014 Oslo,Inventory sync,ERR-6410,Low,Closed,E-commerce,Online availability showing items that are sold out,"The website is offering products the shelf does not actually have, and customers arrive to collect nothing.",Clock skew between systems caused updates to be discarded as out of order. Corrected NTP.,3.6
INC-2026-04415,2026-01-23T02:45,Maritime,MV Storfjord,Fuel system,ERR-5140,High,Resolved,Bridge Systems,Auxiliary engine losing power intermittently,Gauge will not settle. It wanders either side of where it should sit.,Lift pump diaphragm perished. Renewed the pump and confirmed steady supply pressure.,6.8
INC-2026-04614,2026-04-01T20:30,Payments,Gateway North,Card authorisation,ERR-4001,Critical,Resolved,Core Banking,Customers reporting failed checkout,Support is fielding complaints that the payment page hangs and then gives up.,Connection pool exhausted after a traffic spike. Raised the pool size and added backpressure.,5.8
INC-2026-04840,2026-03-19T00:45,Maritime,MV Bergen Star,Navigation display,ERR-2203,High,In Progress,Rotating Equipment,Chart display freezing on bridge console,"Screen locks up for around thirty seconds then returns on its own, several times per watch.",,
INC-2026-04837,2026-07-21T06:00,Payments,Gateway Core,Card authorisation,ERR-4001,High,Resolved,Core Banking,Elevated decline rate on card payments,Approval numbers fell off a cliff and have not come back on their own.,"Expired certificate on the acquirer link. Renewed and redeployed, success rate normalised.",3.9
INC-2026-04350,2026-08-03T07:15,Retail,Store 014 Oslo,Inventory sync,ERR-6410,High,In Progress,Store Systems,Counts disagree between systems,Numbers on screen and numbers on the rack are two different stories.,,
INC-2026-04256,2026-03-19T18:00,Maritime,MV Havbris,Navigation display,ERR-2203,High,Closed,Rotating Equipment,Console blanking intermittently,"Screen locks up for around thirty seconds then returns on its own, several times per watch.","Loose display cable at the bulkhead connector. Reseated and secured, no further dropouts.",4.2
INC-2026-04234,2026-06-13T12:00,Payments,Gateway West,Fraud scoring,ERR-4102,Medium,Resolved,Payments Platform,Review queue backing up,Far more legitimate transactions are being held for review than usual since yesterday.,Threshold misconfigured during deployment. Corrected and validated against the holdout set.,2.6
INC-2026-04617,2026-06-07T03:45,Payments,Gateway West,Fraud scoring,ERR-4102,Low,Resolved,Core Banking,Review queue backing up,Genuine customers are being stopped at a rate we have not seen before.,Threshold misconfigured during deployment. Corrected and validated against the holdout set.,11.9
INC-2026-04193,2026-07-04T03:15,Payments,Scoring Cluster A,Card authorisation,ERR-4001,Critical,Resolved,Fraud Engineering,Customers reporting failed checkout,"Customers say payment spins and then fails, and a retry usually works on the second attempt.",Upstream acquirer degraded. Failed over to the secondary route and rates recovered immediately.,2.6
INC-2026-04152,2026-02-04T22:45,Energy,Substation Rong,Transformer cooling,ERR-7744,Critical,Resolved,SCADA,Unit running warmer than its neighbours,Control room sees the figure drifting upward and not recovering during the quiet hours.,Blocked airflow from vegetation growth against the enclosure. Cleared and trimmed back.,15.6
INC-2026-04229,2026-07-10T04:15,Energy,Substation Ålgård,SCADA link,ERR-3310,Medium,Resolved,Grid Operations,Outstation dropping off the system,Trend shows holes in the record overnight that filled themselves in by morning.,Radio link degraded by weather. Repointed the antenna and improved the margin.,11.7
INC-2026-04015,2026-05-14T14:45,Retail,DC Vestby,Receipt printer,ERR-6250,Medium,In Progress,E-commerce,No receipt at end of transaction,The till says done and the customer gets nothing to take away.,,
INC-2026-04594,2026-07-23T08:15,Payments,Gateway North,Settlement batch,ERR-4310,High,Closed,Payments Platform,Settlement file rejected by clearing,"Clearing would not take the submission, so nothing landed where it should have.",Trailing record count mismatch caused by a duplicated entry. Deduplicated and resubmitted.,12.8
INC-2026-04175,2026-05-28T23:15,Maritime,MV Storfjord,Fuel system,ERR-5140,Medium,Resolved,Rotating Equipment,Uneven running on auxiliary engine,Reading is restless. It never sits still long enough to take a proper number off it.,Air ingress at a loose union on the suction side. Tightened and pressure tested.,7.1
INC-2026-04718,2026-01-12T11:15,Maritime,MV Storfjord,Navigation display,ERR-2203,Medium,In Progress,Rotating Equipment,Chart display freezing on bridge console,"Watchkeeper cannot interact with it for short spells, then it wakes up again.",,
INC-2026-04869,2026-07-21T21:30,Maritime,MV Nordlys,Fuel system,ERR-5140,Medium,Resolved,Rotating Equipment,Fuel pressure fluctuating on auxiliary engine,Engine drops revs briefly every few minutes then recovers on its own.,Air ingress at a loose union on the suction side. Tightened and pressure tested.,10.0
INC-2026-04784,2026-01-15T22:15,Maritime,MV Nordlys,Navigation display,ERR-2203,Medium,Closed,Rotating Equipment,Bridge display unresponsive during watch,"Image stalls and the vessel symbol stops moving, though position is clearly still changing.",Failing power supply in the console. Replaced the unit and monitored for a full watch.,5.3
INC-2026-04897,2026-05-19T03:00,Energy,Substation Rong,SCADA link,ERR-3310,Medium,In Progress,Grid Operations,SCADA polling timeouts overnight,Data stopped arriving during the night shift and backfilled automatically once the link recovered.,,
INC-2026-04356,2026-09-08T16:15,Energy,Substation Fana,SCADA link,ERR-3310,Medium,Resolved,Substation Field,SCADA polling timeouts overnight,"Intermittent loss of contact with the outstation, several short gaps through the evening.",Failing media converter at the site end. Swapped the unit and the gaps stopped.,10.3
INC-2026-04337,2026-08-24T07:15,Retail,Store 031 Bergen,Receipt printer,ERR-6250,Low,Closed,E-commerce,Printing stops partway through a sale,Output dies mid print and the transaction has to be put through again.,Paper sensor dirty and reporting empty. Cleaned and recalibrated.,2.5
INC-2026-04928,2026-05-06T09:30,Energy,Substation Rong,Transformer cooling,ERR-7744,Medium,Resolved,Substation Field,Transformer temperature trending high,Control room sees the figure drifting upward and not recovering during the quiet hours.,Radiator fins heavily fouled. Cleaned and flushed to restore rated cooling capacity.,11.8
INC-2026-04323,2026-07-15T22:30,Energy,Substation Fana,SCADA link,ERR-3310,High,Resolved,Grid Operations,Telemetry gap from remote site,"Intermittent loss of contact with the outstation, several short gaps through the evening.",Polling interval too aggressive after a config change. Reverted to the previous setting.,6.2
INC-2026-04171,2026-01-13T14:30,Payments,Scoring Cluster A,Card authorisation,ERR-4001,Critical,Resolved,Core Banking,Elevated decline rate on card payments,Success rate dropped from its usual level to around eighty percent over about ten minutes.,Upstream acquirer degraded. Failed over to the secondary route and rates recovered immediately.,4.7
INC-2026-04906,2026-01-19T15:15,Retail,Store 014 Oslo,Inventory sync,ERR-6410,Medium,Resolved,Store Systems,Counts disagree between systems,Numbers on screen and numbers on the rack are two different stories.,Clock skew between systems caused updates to be discarded as out of order. Corrected NTP.,13.3
INC-2026-04696,2026-04-04T06:45,Retail,Store 031 Bergen,Point of sale,ERR-6205,Medium,Resolved,E-commerce,Checkout terminal restarting unexpectedly,"Cuts out repeatedly once the shop fills up, never when it is quiet.",Faulty power supply under load. Replaced the unit with no repeat over the following week.,1.2
INC-2026-04377,2026-08-02T01:30,Retail,Store 031 Bergen,Inventory sync,ERR-6410,High,Resolved,Logistics,Stock levels out of step with warehouse,What the system believes is in the building bears no relation to what is in the building.,"Sync job failing silently on malformed records. Added validation and alerting, then reprocessed the backlog.",9.2
INC-2026-04032,2026-09-06T22:00,Energy,Substation Kollsnes,SCADA link,ERR-3310,High,Resolved,Substation Field,Telemetry gap from remote site,The site went quiet. Nothing came in until it suddenly caught up in one burst.,Radio link degraded by weather. Repointed the antenna and improved the margin.,3.8
INC-2026-04028,2026-06-04T03:15,Retail,Store 031 Bergen,Receipt printer,ERR-6250,Medium,Closed,Logistics,No receipt at end of transaction,Output dies mid print and the transaction has to be put through again.,Printer driver incompatible with the latest POS release. Rolled back the driver.,4.3
INC-2026-04608,2026-05-11T14:45,Energy,Substation Rong,SCADA link,ERR-3310,Medium,Closed,SCADA,Outstation dropping off the system,"Values freeze at their last figure, then jump to current once contact returns.",Radio link degraded by weather. Repointed the antenna and improved the margin.,2.1
INC-2026-04049,2026-02-27T16:30,Retail,Store 022 Trondheim,Receipt printer,ERR-6250,Medium,Resolved,Logistics,No receipt at end of transaction,No paper comes through even though everything else about the sale worked.,Worn feed roller slipping under load. Replaced the roller assembly.,2.4
INC-2026-04185,2026-02-28T17:00,Energy,Substation Fana,Protection relay,ERR-7120,Critical,Resolved,Grid Operations,Feeder lost supply without cause,"Came out for no reason anyone can establish, reclosed first time and has behaved since.","Moisture ingress in the relay panel causing spurious operation. Dried, sealed and retested.",17.9
INC-2026-04090,2026-08-03T21:30,Retail,DC Vestby,Inventory sync,ERR-6410,Medium,Closed,Store Systems,Counts disagree between systems,"The website is offering products the shelf does not actually have, and customers arrive to collect nothing.",Message queue backed up behind a poison message. Removed it and replayed the remainder.,16.8
INC-2026-04424,2026-07-02T18:15,Payments,Gateway North,Card authorisation,ERR-4001,High,Closed,Core Banking,Elevated decline rate on card payments,"More transactions than normal are being turned away, with no pattern by card type or issuer.",Connection pool exhausted after a traffic spike. Raised the pool size and added backpressure.,3.0
INC-2026-04113,2026-08-31T00:00,Retail,DC Larvik,Receipt printer,ERR-6250,Medium,Resolved,Store Systems,Printing stops partway through a sale,The till says done and the customer gets nothing to take away.,Paper sensor dirty and reporting empty. Cleaned and recalibrated.,1.9
INC-2026-04017,2026-07-28T13:45,Retail,Store 014 Oslo,Receipt printer,ERR-6250,Medium,Closed,Store Systems,No receipt at end of transaction,Staff hand over a torn stub because the machine quit in the middle of it.,Worn feed roller slipping under load. Replaced the roller assembly.,2.3
INC-2026-04061,2026-08-27T22:30,Payments,Gateway North,Fraud scoring,ERR-4102,Medium,Resolved,Core Banking,False positives spiking on new rule,Response times have crept up to the point where the checkout feels sluggish.,Threshold misconfigured during deployment. Corrected and validated against the holdout set.,7.1
INC-2026-04820,2026-05-12T19:15,Payments,Gateway Core,Fraud scoring,ERR-4102,Medium,In Progress,Payments Platform,Fraud model scoring slowly,Far more legitimate transactions are being held for review than usual since yesterday.,,
INC-2026-04191,2026-01-26T13:30,Retail,DC Larvik,Point of sale,ERR-6205,Medium,Resolved,Logistics,Lane out of service at peak,Screen stops accepting input at the worst moment and the sale has to be started again.,Faulty power supply under load. Replaced the unit with no repeat over the following week.,7.6
INC-2026-04676,2026-01-10T06:45,Payments,Gateway Core,Card authorisation,ERR-4001,High,Resolved,Payments Platform,Authorisation success rate dropped,Support is fielding complaints that the payment page hangs and then gives up.,Upstream acquirer degraded. Failed over to the secondary route and rates recovered immediately.,4.7
INC-2026-04056,2026-01-29T17:30,Maritime,MV Havbris,Bearing assembly,ERR-5012,High,Resolved,Hull & Deck,Vibration alarm on main pump during ramp-up,Something is clearly out of balance. The harder it runs the worse the racket gets.,"Soft foot on the mounting. Shimmed and re-torqued base bolts, retested at full load with no recurrence.",12.0
INC-2026-04719,2026-08-18T18:00,Retail,Store 031 Bergen,Inventory sync,ERR-6410,Medium,Resolved,Store Systems,Online availability showing items that are sold out,"Figures are a day behind, so every decision this morning was made on yesterday's picture.",Message queue backed up behind a poison message. Removed it and replayed the remainder.,11.1
INC-2026-04239,2026-01-24T14:45,Payments,Gateway West,Settlement batch,ERR-4310,Medium,In Progress,Payments Platform,End of day batch did not complete,Submission bounced. The totals at the end of it did not agree with the body.,,
INC-2026-04214,2026-08-21T12:30,Energy,Substation Kollsnes,Protection relay,ERR-7120,Critical,Closed,SCADA,Feeder lost supply without cause,"Operated during normal conditions, and a full inspection turned up nothing at all.",Current transformer wiring reversed on one phase after maintenance. Corrected and tested.,11.8
INC-2026-04264,2026-06-28T19:45,Payments,Gateway West,Card authorisation,ERR-4001,High,Resolved,Payments Platform,Authorisation success rate dropped,Success rate dropped from its usual level to around eighty percent over about ten minutes.,Upstream acquirer degraded. Failed over to the secondary route and rates recovered immediately.,2.1
INC-2026-04593,2026-06-03T15:45,Payments,Gateway Core,Fraud scoring,ERR-4102,High,Closed,Fraud Engineering,Review queue backing up,Scoring calls take several seconds where they normally return almost instantly.,Stale model artefact loaded on two nodes. Redeployed the correct version across the cluster.,7.6
INC-2026-04108,2026-07-27T03:45,Maritime,MV Storfjord,Navigation display,ERR-2203,Medium,Resolved,Rotating Equipment,Bridge display unresponsive during watch,Console stops responding to touch and only recovers after a power cycle.,Failing power supply in the console. Replaced the unit and monitored for a full watch.,6.5
INC-2026-04361,2026-02-24T16:00,Energy,Substation Kollsnes,Transformer cooling,ERR-7744,High,Closed,SCADA,Overtemperature warning during evening peak,"It is noticeably warmer to stand next to than the one beside it, carrying the same current.",Radiator fins heavily fouled. Cleaned and flushed to restore rated cooling capacity.,21.7
INC-2026-04396,2026-06-07T04:15,Energy,Substation Rong,Transformer cooling,ERR-7744,High,Closed,Substation Field,Overtemperature warning during evening peak,"Sits several degrees above where it has historically run, with load unchanged.",Blocked airflow from vegetation growth against the enclosure. Cleared and trimmed back.,16.7
INC-2026-04077,2026-02-26T20:15,Maritime,MV Kvitøy,Bearing assembly,ERR-5012,High,Resolved,Hull & Deck,Vibration alarm on main pump during ramp-up,Something is clearly out of balance. The harder it runs the worse the racket gets.,"Bearing clearance out of tolerance. Replaced bearing set and re-aligned coupling, vibration back within limits.",17.4
INC-2026-04168,2026-01-10T17:00,Energy,Substation Kollsnes,Protection relay,ERR-7120,Critical,Resolved,Substation Field,Feeder lost supply without cause,"Protection operated during a routine switching sequence, with no damage identified downstream.",Current transformer wiring reversed on one phase after maintenance. Corrected and tested.,11.0
INC-2026-04416,2026-09-10T02:15,Retail,DC Larvik,Point of sale,ERR-6205,Medium,Closed,Store Systems,Till freezing during busy period,"It gives up under pressure. Quiet mornings are fine, Saturday afternoon is not.",Failing memory module. Swapped the board and soak tested through a full trading day.,8.7
INC-2026-04258,2026-05-14T19:00,Maritime,MV Kvitøy,Navigation display,ERR-2203,High,Closed,Rotating Equipment,Console blanking intermittently,"Goes black for a moment, then paints itself back in as if nothing happened.",Firmware defect in the chart renderer. Applied vendor patch 4.2.1.,1.7
INC-2026-04654,2026-06-15T03:30,Maritime,MV Bergen Star,Fuel system,ERR-5140,Medium,In Progress,Rotating Equipment,Fuel pressure fluctuating on auxiliary engine,"Brief hesitation every so often, as though it is starving for a moment and then catching again.",,
INC-2026-04829,2026-02-05T12:15,Payments,Gateway North,Fraud scoring,ERR-4102,Medium,Resolved,Payments Platform,False positives spiking on new rule,Response times have crept up to the point where the checkout feels sluggish.,Threshold misconfigured during deployment. Corrected and validated against the holdout set.,5.5
INC-2026-04009,2026-03-14T10:45,Maritime,MV Nordlys,Navigation display,ERR-2203,Medium,Resolved,Bridge Systems,Console blanking intermittently,"Unit drops out briefly two or three times a watch, always without an alarm.",Firmware defect in the chart renderer. Applied vendor patch 4.2.1.,1.9
INC-2026-04067,2026-04-02T04:30,Energy,Substation Rong,SCADA link,ERR-3310,Low,Resolved,Substation Field,Outstation dropping off the system,"Intermittent loss of contact with the outstation, several short gaps through the evening.",Polling interval too aggressive after a config change. Reverted to the previous setting.,5.7
INC-2026-04616,2026-01-17T00:45,Maritime,MV Nordlys,Fuel system,ERR-5140,High,Resolved,Hull & Deck,Auxiliary engine losing power intermittently,"Pressure reading swings up and down rather than holding steady, and the engine surges slightly with it.",Air ingress at a loose union on the suction side. Tightened and pressure tested.,3.3
INC-2026-04006,2026-07-25T12:30,Retail,Store 031 Bergen,Point of sale,ERR-6205,Medium,Resolved,E-commerce,Lane out of service at peak,"It gives up under pressure. Quiet mornings are fine, Saturday afternoon is not.",Faulty power supply under load. Replaced the unit with no repeat over the following week.,3.9
INC-2026-04188,2026-05-11T10:45,Payments,Gateway West,Fraud scoring,ERR-4102,High,Resolved,Payments Platform,Review queue backing up,Genuine customers are being stopped at a rate we have not seen before.,Feature store query missing an index after a schema change. Index rebuilt and latency recovered.,7.1
INC-2026-04727,2026-01-19T18:30,Retail,Store 031 Bergen,Inventory sync,ERR-6410,High,Resolved,E-commerce,Stock levels out of step with warehouse,What the system believes is in the building bears no relation to what is in the building.,"Sync job failing silently on malformed records. Added validation and alerting, then reprocessed the backlog.",4.5
INC-2026-04259,2026-06-02T13:00,Maritime,MV Storfjord,Navigation display,ERR-2203,Medium,Resolved,Rotating Equipment,Console blanking intermittently,"Watchkeeper cannot interact with it for short spells, then it wakes up again.",Failing power supply in the console. Replaced the unit and monitored for a full watch.,7.0
INC-2026-04165,2026-09-02T10:15,Maritime,MV Kvitøy,Fuel system,ERR-5140,Medium,Closed,Hull & Deck,Uneven running on auxiliary engine,"Watch reports the machine hunting at constant load, never quite holding a figure.",Fuel filter partially blocked. Replaced the element and bled the system.,7.6
INC-2026-04472,2026-06-06T00:15,Maritime,MV Kvitøy,Fuel system,ERR-5140,High,Closed,Hull & Deck,Uneven running on auxiliary engine,Power dips away and returns without anyone touching the controls.,Lift pump diaphragm perished. Renewed the pump and confirmed steady supply pressure.,3.7
INC-2026-04570,2026-05-16T09:15,Payments,Gateway West,Fraud scoring,ERR-4102,High,Resolved,Core Banking,Fraud model scoring slowly,Genuine customers are being stopped at a rate we have not seen before.,Threshold misconfigured during deployment. Corrected and validated against the holdout set.,10.7
INC-2026-04387,2026-07-01T14:00,Energy,Substation Ålgård,Transformer cooling,ERR-7744,High,Resolved,Grid Operations,Overtemperature warning during evening peak,"It is noticeably warmer to stand next to than the one beside it, carrying the same current.",Radiator fins heavily fouled. Cleaned and flushed to restore rated cooling capacity.,4.1
INC-2026-04418,2026-05-31T12:30,Energy,Substation Rong,SCADA link,ERR-3310,Medium,Resolved,Grid Operations,Outstation dropping off the system,The site went quiet. Nothing came in until it suddenly caught up in one burst.,Radio link degraded by weather. Repointed the antenna and improved the margin.,9.5
INC-2026-04345,2026-06-12T22:45,Energy,Substation Ålgård,SCADA link,ERR-3310,Low,Resolved,Grid Operations,Outstation dropping off the system,We lose sight of it for minutes at a time and then it is back as though nothing happened.,Failing media converter at the site end. Swapped the unit and the gaps stopped.,6.6
INC-2026-04963,2026-02-03T07:00,Maritime,MV Storfjord,Navigation display,ERR-2203,Medium,Resolved,Rotating Equipment,Bridge display unresponsive during watch,"Image stalls and the vessel symbol stops moving, though position is clearly still changing.","Loose display cable at the bulkhead connector. Reseated and secured, no further dropouts.",2.7
INC-2026-04060,2026-08-27T00:30,Retail,Store 031 Bergen,Point of sale,ERR-6205,Low,Resolved,E-commerce,Lane out of service at peak,Staff lose the lane completely and have to move the queue to the next one.,Faulty power supply under load. Replaced the unit with no repeat over the following week.,8.7
INC-2026-04507,2026-06-05T18:15,Energy,Substation Rong,SCADA link,ERR-3310,Medium,Resolved,SCADA,SCADA polling timeouts overnight,"Control room had no readings from the site for about twenty minutes, then everything reappeared at once.",Polling interval too aggressive after a config change. Reverted to the previous setting.,5.5
INC-2026-04842,2026-08-21T20:30,Energy,Substation Ålgård,Transformer cooling,ERR-7744,Medium,Closed,Substation Field,Overtemperature warning during evening peak,Temperature creeping up over several days with no change in demand to explain it.,Radiator fins heavily fouled. Cleaned and flushed to restore rated cooling capacity.,22.5
INC-2026-04393,2026-08-11T15:15,Energy,Substation Fana,Protection relay,ERR-7120,High,In Progress,Grid Operations,Unexpected breaker trip on feeder,"Came out for no reason anyone can establish, reclosed first time and has behaved since.",,
INC-2026-04360,2026-08-26T03:30,Maritime,MV Bergen Star,Fuel system,ERR-5140,Medium,Closed,Rotating Equipment,Uneven running on auxiliary engine,"Pressure reading swings up and down rather than holding steady, and the engine surges slightly with it.",Lift pump diaphragm perished. Renewed the pump and confirmed steady supply pressure.,5.9
INC-2026-04153,2026-06-25T22:00,Retail,Store 022 Trondheim,Point of sale,ERR-6205,Low,Resolved,E-commerce,Till freezing during busy period,"It gives up under pressure. Quiet mornings are fine, Saturday afternoon is not.",Faulty power supply under load. Replaced the unit with no repeat over the following week.,2.6
INC-2026-04192,2026-08-13T16:00,Payments,Scoring Cluster A,Settlement batch,ERR-4310,Medium,Closed,Payments Platform,End of day batch did not complete,Batch stalled partway through and had to be restarted from the last checkpoint.,Trailing record count mismatch caused by a duplicated entry. Deduplicated and resubmitted.,17.3
INC-2026-04263,2026-04-24T20:00,Payments,Gateway West,Fraud scoring,ERR-4102,High,Resolved,Fraud Engineering,Review queue backing up,Response times have crept up to the point where the checkout feels sluggish.,Stale model artefact loaded on two nodes. Redeployed the correct version across the cluster.,15.6
INC-2026-04465,2026-07-07T22:30,Retail,Store 014 Oslo,Point of sale,ERR-6205,Medium,Resolved,Store Systems,Checkout terminal restarting unexpectedly,Staff lose the lane completely and have to move the queue to the next one.,Failing memory module. Swapped the board and soak tested through a full trading day.,5.0
INC-2026-04314,2026-08-06T05:00,Retail,Store 022 Trondheim,Receipt printer,ERR-6250,Low,Resolved,Logistics,No receipt at end of transaction,Staff hand over a torn stub because the machine quit in the middle of it.,Printer driver incompatible with the latest POS release. Rolled back the driver.,3.1
INC-2026-04383,2026-06-22T20:00,Retail,Store 031 Bergen,Inventory sync,ERR-6410,Low,Closed,Logistics,Online availability showing items that are sold out,"We are selling things we do not hold, and the first anyone knows is at the collection point.","Sync job failing silently on malformed records. Added validation and alerting, then reprocessed the backlog.",10.4
INC-2026-04678,2026-06-26T03:30,Energy,Substation Kollsnes,Transformer cooling,ERR-7744,Medium,Resolved,SCADA,Unit running warmer than its neighbours,"It is noticeably warmer to stand next to than the one beside it, carrying the same current.",Blocked airflow from vegetation growth against the enclosure. Cleared and trimmed back.,4.1
INC-2026-04161,2026-03-06T11:15,Retail,Store 022 Trondheim,Receipt printer,ERR-6250,Medium,Resolved,Logistics,Printing stops partway through a sale,"Paper feeds a few lines then gives up, leaving the customer with half a slip.",Printer driver incompatible with the latest POS release. Rolled back the driver.,3.9
INC-2026-04030,2026-01-23T20:30,Payments,Gateway North,Settlement batch,ERR-4310,Medium,Closed,Fraud Engineering,Settlement file rejected by clearing,"The file came back rejected with a format complaint, so settlement did not post for the day.","Disk exhausted on the batch host mid write. Cleared space, added an alert and reran cleanly.",12.2
INC-2026-04766,2026-07-18T05:00,Maritime,MV Havbris,Fuel system,ERR-5140,Medium,Resolved,Hull & Deck,Auxiliary engine losing power intermittently,"Output is uneven under steady demand, with no alarm raised.",Lift pump diaphragm perished. Renewed the pump and confirmed steady supply pressure.,3.5
INC-2026-04448,2026-01-25T18:45,Maritime,MV Havbris,Navigation display,ERR-2203,Medium,Resolved,Bridge Systems,Chart display freezing on bridge console,"Goes black for a moment, then paints itself back in as if nothing happened.",Failing power supply in the console. Replaced the unit and monitored for a full watch.,3.2
INC-2026-04716,2026-01-27T21:30,Energy,Substation Kollsnes,SCADA link,ERR-3310,Low,Resolved,Substation Field,Telemetry gap from remote site,"Values freeze at their last figure, then jump to current once contact returns.",Radio link degraded by weather. Repointed the antenna and improved the margin.,10.1
INC-2026-04607,2026-06-14T04:30,Retail,Store 022 Trondheim,Point of sale,ERR-6205,Low,In Progress,E-commerce,Checkout terminal restarting unexpectedly,Freezes solid with a customer standing there and the basket half scanned.,,
INC-2026-04816,2026-09-13T14:45,Energy,Substation Rong,Protection relay,ERR-7120,High,Resolved,SCADA,Relay operated with no fault found,"Supply dropped with no weather, no work in progress and nothing on the overhead.","Moisture ingress in the relay panel causing spurious operation. Dried, sealed and retested.",13.4
INC-2026-04127,2026-08-04T02:15,Maritime,MV Kvitøy,Fuel system,ERR-5140,Medium,Resolved,Rotating Equipment,Uneven running on auxiliary engine,Reading is restless. It never sits still long enough to take a proper number off it.,Air ingress at a loose union on the suction side. Tightened and pressure tested.,3.0
INC-2026-04435,2026-01-08T16:15,Retail,Store 022 Trondheim,Point of sale,ERR-6205,Medium,Resolved,Store Systems,Lane out of service at peak,"It gives up under pressure. Quiet mornings are fine, Saturday afternoon is not.",Faulty power supply under load. Replaced the unit with no repeat over the following week.,8.1
INC-2026-04647,2026-01-23T02:15,Payments,Gateway Core,Card authorisation,ERR-4001,High,Resolved,Payments Platform,Elevated decline rate on card payments,Volume looks normal but far fewer of them are completing than they should.,Upstream acquirer degraded. Failed over to the secondary route and rates recovered immediately.,0.7
INC-2026-04924,2026-05-31T11:00,Energy,Substation Rong,SCADA link,ERR-3310,Medium,In Progress,Grid Operations,Outstation dropping off the system,"Values freeze at their last figure, then jump to current once contact returns.",,
INC-2026-04116,2026-07-08T18:00,Payments,Gateway North,Card authorisation,ERR-4001,High,Closed,Core Banking,Elevated decline rate on card payments,Support is fielding complaints that the payment page hangs and then gives up.,Upstream acquirer degraded. Failed over to the secondary route and rates recovered immediately.,5.0
INC-2026-04515,2026-04-27T05:45,Retail,Store 022 Trondheim,Point of sale,ERR-6205,Low,Closed,Logistics,Lane out of service at peak,"Cuts out repeatedly once the shop fills up, never when it is quiet.",Failing memory module. Swapped the board and soak tested through a full trading day.,5.5
INC-2026-04260,2026-02-20T05:15,Energy,Substation Ålgård,Protection relay,ERR-7120,Critical,Resolved,Grid Operations,Relay operated with no fault found,"Supply dropped with no weather, no work in progress and nothing on the overhead.",Current transformer wiring reversed on one phase after maintenance. Corrected and tested.,10.2
INC-2026-04437,2026-05-17T19:45,Energy,Substation Ålgård,Transformer cooling,ERR-7744,Critical,Resolved,Substation Field,Unit running warmer than its neighbours,Thermal margin has been shrinking week on week and nobody can point at a cause.,Radiator fins heavily fouled. Cleaned and flushed to restore rated cooling capacity.,25.4
INC-2026-04222,2026-03-27T08:00,Retail,Store 031 Bergen,Receipt printer,ERR-6250,Low,Closed,E-commerce,Printing stops partway through a sale,Output dies mid print and the transaction has to be put through again.,Paper sensor dirty and reporting empty. Cleaned and recalibrated.,0.8
INC-2026-04412,2026-09-13T23:00,Payments,Scoring Cluster A,Card authorisation,ERR-4001,Critical,Closed,Core Banking,Authorisation success rate dropped,"More transactions than normal are being turned away, with no pattern by card type or issuer.",Upstream acquirer degraded. Failed over to the secondary route and rates recovered immediately.,1.4
INC-2026-04847,2026-01-21T07:15,Retail,DC Larvik,Receipt printer,ERR-6250,Medium,Resolved,E-commerce,No receipt at end of transaction,No paper comes through even though everything else about the sale worked.,Printer driver incompatible with the latest POS release. Rolled back the driver.,3.1
INC-2026-04292,2026-05-10T20:15,Retail,Store 022 Trondheim,Point of sale,ERR-6205,High,Resolved,E-commerce,Till freezing during busy period,Terminal locks solid mid transaction when the queue is long and staff have to restart it.,Failing memory module. Swapped the board and soak tested through a full trading day.,5.7
INC-2026-04198,2026-04-22T07:00,Retail,Store 022 Trondheim,Receipt printer,ERR-6250,Medium,Resolved,E-commerce,Receipt printer not responding,The till says done and the customer gets nothing to take away.,Printer driver incompatible with the latest POS release. Rolled back the driver.,0.7
INC-2026-04863,2026-04-05T08:45,Retail,Store 022 Trondheim,Inventory sync,ERR-6410,Medium,Resolved,Logistics,Counts disagree between systems,"We are selling things we do not hold, and the first anyone knows is at the collection point.",Message queue backed up behind a poison message. Removed it and replayed the remainder.,19.1
INC-2026-04745,2026-03-07T00:45,Payments,Scoring Cluster A,Fraud scoring,ERR-4102,High,Resolved,Payments Platform,Fraud model scoring slowly,Response times have crept up to the point where the checkout feels sluggish.,Stale model artefact loaded on two nodes. Redeployed the correct version across the cluster.,9.3
INC-2026-04919,2026-08-08T13:15,Retail,DC Vestby,Point of sale,ERR-6205,High,Closed,Store Systems,Lane out of service at peak,Screen stops accepting input at the worst moment and the sale has to be started again.,Thermal shutdown from blocked vents behind the counter. Relocated and cleaned.,6.3
INC-2026-04440,2026-04-11T14:30,Maritime,MV Bergen Star,Fuel system,ERR-5140,High,Resolved,Bridge Systems,Fuel pressure fluctuating on auxiliary engine,Power dips away and returns without anyone touching the controls.,Air ingress at a loose union on the suction side. Tightened and pressure tested.,9.6
INC-2026-04488,2026-05-23T13:15,Energy,Substation Fana,SCADA link,ERR-3310,Low,Resolved,Substation Field,Telemetry gap from remote site,We lose sight of it for minutes at a time and then it is back as though nothing happened.,Radio link degraded by weather. Repointed the antenna and improved the margin.,8.8
INC-2026-04876,2026-02-21T00:45,Energy,Substation Rong,SCADA link,ERR-3310,Medium,In Progress,SCADA,Telemetry gap from remote site,We lose sight of it for minutes at a time and then it is back as though nothing happened.,,
INC-2026-04312,2026-05-30T07:45,Retail,DC Vestby,Point of sale,ERR-6205,Medium,In Progress,Store Systems,Lane out of service at peak,"Cuts out repeatedly once the shop fills up, never when it is quiet.",,
INC-2026-04438,2026-08-26T20:45,Maritime,MV Nordlys,Fuel system,ERR-5140,Medium,Closed,Bridge Systems,Fuel pressure fluctuating on auxiliary engine,Engine drops revs briefly every few minutes then recovers on its own.,Fuel filter partially blocked. Replaced the element and bled the system.,2.2
INC-2026-04456,2026-04-19T16:15,Retail,DC Vestby,Receipt printer,ERR-6250,Medium,Closed,E-commerce,Printing stops partway through a sale,No paper comes through even though everything else about the sale worked.,Worn feed roller slipping under load. Replaced the roller assembly.,0.8
INC-2026-04010,2026-07-26T16:30,Maritime,MV Kvitøy,Fuel system,ERR-5140,Medium,Resolved,Hull & Deck,Auxiliary engine losing power intermittently,Reading is restless. It never sits still long enough to take a proper number off it.,Lift pump diaphragm perished. Renewed the pump and confirmed steady supply pressure.,6.0
INC-2026-04421,2026-04-03T03:45,Retail,Store 014 Oslo,Point of sale,ERR-6205,High,Resolved,E-commerce,Till freezing during busy period,"It gives up under pressure. Quiet mornings are fine, Saturday afternoon is not.",Failing memory module. Swapped the board and soak tested through a full trading day.,3.0
INC-2026-04576,2026-09-08T13:00,Energy,Substation Fana,SCADA link,ERR-3310,High,Closed,Substation Field,Telemetry gap from remote site,The site went quiet. Nothing came in until it suddenly caught up in one burst.,Radio link degraded by weather. Repointed the antenna and improved the margin.,8.5
INC-2026-04980,2026-07-18T14:00,Maritime,MV Havbris,Navigation display,ERR-2203,Medium,Resolved,Rotating Equipment,Console blanking intermittently,"Watchkeeper cannot interact with it for short spells, then it wakes up again.","Loose display cable at the bulkhead connector. Reseated and secured, no further dropouts.",2.3
INC-2026-04089,2026-05-04T07:45,Maritime,MV Havbris,Fuel system,ERR-5140,Medium,Resolved,Rotating Equipment,Fuel pressure fluctuating on auxiliary engine,Gauge will not settle. It wanders either side of where it should sit.,Lift pump diaphragm perished. Renewed the pump and confirmed steady supply pressure.,2.4
INC-2026-04549,2026-05-14T17:00,Retail,DC Larvik,Receipt printer,ERR-6250,Low,Resolved,Logistics,Receipt printer not responding,The till says done and the customer gets nothing to take away.,Paper sensor dirty and reporting empty. Cleaned and recalibrated.,1.8
INC-2026-04738,2026-03-29T12:15,Payments,Gateway Core,Card authorisation,ERR-4001,High,Resolved,Core Banking,Authorisation success rate dropped,Support is fielding complaints that the payment page hangs and then gives up.,"Expired certificate on the acquirer link. Renewed and redeployed, success rate normalised.",4.0
INC-2026-04806,2026-06-06T15:45,Retail,DC Larvik,Point of sale,ERR-6205,Medium,Resolved,E-commerce,Till freezing during busy period,"It gives up under pressure. Quiet mornings are fine, Saturday afternoon is not.",Failing memory module. Swapped the board and soak tested through a full trading day.,2.4
INC-2026-04455,2026-01-30T07:15,Payments,Gateway North,Card authorisation,ERR-4001,Critical,Closed,Payments Platform,Authorisation success rate dropped,"More transactions than normal are being turned away, with no pattern by card type or issuer.","Expired certificate on the acquirer link. Renewed and redeployed, success rate normalised.",3.7
INC-2026-04483,2026-02-21T10:30,Payments,Gateway Core,Settlement batch,ERR-4310,High,Resolved,Core Banking,End of day batch did not complete,Batch stalled partway through and had to be restarted from the last checkpoint.,Trailing record count mismatch caused by a duplicated entry. Deduplicated and resubmitted.,17.8
INC-2026-04879,2026-07-26T00:15,Payments,Gateway Core,Card authorisation,ERR-4001,High,Resolved,Core Banking,Customers reporting failed checkout,"A fifth of attempts are bouncing back, where it is normally a rounding error.",Upstream acquirer degraded. Failed over to the secondary route and rates recovered immediately.,5.8
INC-2026-04103,2026-01-10T08:45,Energy,Substation Kollsnes,SCADA link,ERR-3310,High,In Progress,SCADA,Telemetry gap from remote site,"Nothing reported in from that location for a stretch, with no alarm to say why.",,
INC-2026-04584,2026-01-22T19:00,Maritime,MV Nordlys,Fuel system,ERR-5140,Medium,In Progress,Hull & Deck,Uneven running on auxiliary engine,"Output is uneven under steady demand, with no alarm raised.",,
INC-2026-04100,2026-09-07T22:00,Payments,Gateway West,Fraud scoring,ERR-4102,Medium,Closed,Payments Platform,Fraud model scoring slowly,Analysts are drowning in referrals that turn out to be perfectly ordinary purchases.,Feature store query missing an index after a schema change. Index rebuilt and latency recovered.,9.9
INC-2026-04627,2026-07-07T23:45,Maritime,MV Nordlys,Navigation display,ERR-2203,High,Resolved,Hull & Deck,Console blanking intermittently,"Image stalls and the vessel symbol stops moving, though position is clearly still changing.","Loose display cable at the bulkhead connector. Reseated and secured, no further dropouts.",1.4
INC-2026-04429,2026-08-02T17:15,Energy,Substation Ålgård,Transformer cooling,ERR-7744,High,Closed,Substation Field,Transformer temperature trending high,Readings climb steadily through the afternoon peak and no longer settle overnight the way they used to.,"Two cooling fans had failed. Replaced both, temperature returned to its normal profile within the hour.",10.3
INC-2026-04126,2026-08-22T15:45,Retail,DC Larvik,Inventory sync,ERR-6410,High,Resolved,Logistics,Counts disagree between systems,"The website is offering products the shelf does not actually have, and customers arrive to collect nothing.",Clock skew between systems caused updates to be discarded as out of order. Corrected NTP.,8.2
INC-2026-04053,2026-03-15T06:00,Energy,Substation Rong,SCADA link,ERR-3310,Low,Resolved,Grid Operations,Outstation dropping off the system,"Intermittent loss of contact with the outstation, several short gaps through the evening.",Failing media converter at the site end. Swapped the unit and the gaps stopped.,6.9
INC-2026-04500,2026-02-03T02:45,Maritime,MV Bergen Star,Bearing assembly,ERR-5012,Critical,Closed,Rotating Equipment,Vibration alarm on main pump during ramp-up,Engineer reports the unit shudders badly once load goes past roughly 80 percent. Settles down when throttled back.,"Soft foot on the mounting. Shimmed and re-torqued base bolts, retested at full load with no recurrence.",10.8
INC-2026-04154,2026-06-14T01:45,Maritime,MV Storfjord,Navigation display,ERR-2203,Medium,Closed,Hull & Deck,Bridge display unresponsive during watch,"Watchkeeper cannot interact with it for short spells, then it wakes up again.","Loose display cable at the bulkhead connector. Reseated and secured, no further dropouts.",1.5
INC-2026-04478,2026-09-09T07:15,Retail,Store 022 Trondheim,Point of sale,ERR-6205,High,In Progress,Logistics,Checkout terminal restarting unexpectedly,"It gives up under pressure. Quiet mornings are fine, Saturday afternoon is not.",,
INC-2026-04630,2026-07-21T00:45,Payments,Gateway West,Card authorisation,ERR-4001,High,Resolved,Payments Platform,Customers reporting failed checkout,Success rate dropped from its usual level to around eighty percent over about ten minutes.,Upstream acquirer degraded. Failed over to the secondary route and rates recovered immediately.,1.4
INC-2026-04131,2026-01-10T02:30,Energy,Substation Ålgård,SCADA link,ERR-3310,Medium,Closed,Grid Operations,Telemetry gap from remote site,"Control room had no readings from the site for about twenty minutes, then everything reappeared at once.",Failing media converter at the site end. Swapped the unit and the gaps stopped.,7.2
INC-2026-04248,2026-08-07T03:30,Maritime,MV Kvitøy,Bearing assembly,ERR-5012,High,Resolved,Rotating Equipment,Pump running rough above 80% load,"Crew noticed the whole skid moving more than normal at high output, with noise rising as speed increases.","Soft foot on the mounting. Shimmed and re-torqued base bolts, retested at full load with no recurrence.",15.8
INC-2026-04721,2026-07-16T01:45,Retail,Store 031 Bergen,Point of sale,ERR-6205,High,Resolved,E-commerce,Checkout terminal restarting unexpectedly,Staff lose the lane completely and have to move the queue to the next one.,Thermal shutdown from blocked vents behind the counter. Relocated and cleaned.,3.3
INC-2026-04504,2026-01-06T11:00,Maritime,MV Storfjord,Navigation display,ERR-2203,Medium,Resolved,Rotating Equipment,Bridge display unresponsive during watch,"Goes black for a moment, then paints itself back in as if nothing happened.",Failing power supply in the console. Replaced the unit and monitored for a full watch.,3.5
INC-2026-04783,2026-04-18T10:30,Retail,Store 022 Trondheim,Receipt printer,ERR-6250,Medium,Closed,Store Systems,Printing stops partway through a sale,"Paper feeds a few lines then gives up, leaving the customer with half a slip.",Printer driver incompatible with the latest POS release. Rolled back the driver.,2.4
INC-2026-04318,2026-08-22T17:30,Payments,Gateway West,Fraud scoring,ERR-4102,High,Closed,Fraud Engineering,Review queue backing up,Scoring calls take several seconds where they normally return almost instantly.,Stale model artefact loaded on two nodes. Redeployed the correct version across the cluster.,8.0
INC-2026-04187,2026-09-03T10:30,Maritime,MV Bergen Star,Fuel system,ERR-5140,Medium,Resolved,Hull & Deck,Uneven running on auxiliary engine,"Brief hesitation every so often, as though it is starving for a moment and then catching again.",Air ingress at a loose union on the suction side. Tightened and pressure tested.,3.0
INC-2026-04695,2026-06-09T18:00,Energy,Substation Ålgård,Transformer cooling,ERR-7744,Critical,Resolved,SCADA,Overtemperature warning during evening peak,Control room sees the figure drifting upward and not recovering during the quiet hours.,Radiator fins heavily fouled. Cleaned and flushed to restore rated cooling capacity.,14.5
INC-2026-04117,2026-07-18T04:00,Energy,Substation Ålgård,SCADA link,ERR-3310,High,In Progress,Grid Operations,Telemetry gap from remote site,"Intermittent loss of contact with the outstation, several short gaps through the evening.",,
INC-2026-04293,2026-09-12T20:30,Retail,DC Larvik,Receipt printer,ERR-6250,Medium,Resolved,E-commerce,No receipt at end of transaction,No paper comes through even though everything else about the sale worked.,Printer driver incompatible with the latest POS release. Rolled back the driver.,0.7
INC-2026-04900,2026-05-21T12:15,Maritime,MV Storfjord,Navigation display,ERR-2203,Medium,Resolved,Rotating Equipment,Bridge display unresponsive during watch,"Goes black for a moment, then paints itself back in as if nothing happened.",Failing power supply in the console. Replaced the unit and monitored for a full watch.,7.4
INC-2026-04542,2026-04-17T08:15,Payments,Gateway West,Settlement batch,ERR-4310,High,Resolved,Fraud Engineering,Daily reconciliation out by a file,"Clearing would not take the submission, so nothing landed where it should have.","Disk exhausted on the batch host mid write. Cleared space, added an alert and reran cleanly.",18.4
INC-2026-04677,2026-02-06T23:15,Maritime,MV Nordlys,Fuel system,ERR-5140,High,Resolved,Rotating Equipment,Fuel pressure fluctuating on auxiliary engine,"Output is uneven under steady demand, with no alarm raised.",Fuel filter partially blocked. Replaced the element and bled the system.,4.1
INC-2026-04858,2026-05-19T14:00,Energy,Substation Fana,Protection relay,ERR-7120,Critical,Closed,Grid Operations,Relay operated with no fault found,Breaker opened on its own. Walked the route and found nothing wrong.,Relay setting group left on the commissioning profile. Restored operational settings.,16.3
INC-2026-04313,2026-02-05T12:30,Energy,Substation Fana,SCADA link,ERR-3310,Medium,Resolved,Substation Field,SCADA polling timeouts overnight,Trend shows holes in the record overnight that filled themselves in by morning.,Polling interval too aggressive after a config change. Reverted to the previous setting.,4.8
INC-2026-04774,2026-05-19T19:15,Energy,Substation Kollsnes,Protection relay,ERR-7120,Critical,Closed,SCADA,Unexpected breaker trip on feeder,"Operated during normal conditions, and a full inspection turned up nothing at all.","Moisture ingress in the relay panel causing spurious operation. Dried, sealed and retested.",6.4
INC-2026-04559,2026-06-18T16:30,Maritime,MV Storfjord,Fuel system,ERR-5140,Medium,Resolved,Hull & Deck,Auxiliary engine losing power intermittently,Engine drops revs briefly every few minutes then recovers on its own.,Lift pump diaphragm perished. Renewed the pump and confirmed steady supply pressure.,9.4
INC-2026-04528,2026-02-23T11:30,Payments,Gateway Core,Fraud scoring,ERR-4102,High,Resolved,Core Banking,Review queue backing up,The model is taking its time. What used to be instant now has a noticeable wait.,Stale model artefact loaded on two nodes. Redeployed the correct version across the cluster.,13.1
INC-2026-04697,2026-06-29T06:45,Retail,Store 031 Bergen,Point of sale,ERR-6205,Medium,Closed,E-commerce,Checkout terminal restarting unexpectedly,"It gives up under pressure. Quiet mornings are fine, Saturday afternoon is not.",Failing memory module. Swapped the board and soak tested through a full trading day.,5.5
INC-2026-04724,2026-02-23T21:45,Maritime,MV Kvitøy,Fuel system,ERR-5140,Medium,Closed,Hull & Deck,Auxiliary engine losing power intermittently,Reading is restless. It never sits still long enough to take a proper number off it.,Fuel filter partially blocked. Replaced the element and bled the system.,5.0
INC-2026-04242,2026-07-09T11:30,Maritime,MV Kvitøy,Fuel system,ERR-5140,Medium,Resolved,Bridge Systems,Fuel pressure fluctuating on auxiliary engine,"Output is uneven under steady demand, with no alarm raised.",Air ingress at a loose union on the suction side. Tightened and pressure tested.,6.7
INC-2026-04043,2026-04-11T17:45,Maritime,MV Storfjord,Fuel system,ERR-5140,Low,Resolved,Bridge Systems,Auxiliary engine losing power intermittently,Reading is restless. It never sits still long enough to take a proper number off it.,Air ingress at a loose union on the suction side. Tightened and pressure tested.,7.3
INC-2026-04071,2026-08-20T00:15,Retail,DC Larvik,Inventory sync,ERR-6410,High,Closed,Store Systems,Online availability showing items that are sold out,Numbers on screen and numbers on the rack are two different stories.,Message queue backed up behind a poison message. Removed it and replayed the remainder.,8.4
INC-2026-04498,2026-08-02T11:15,Payments,Gateway North,Settlement batch,ERR-4310,High,Closed,Fraud Engineering,End of day batch did not complete,"Clearing would not take the submission, so nothing landed where it should have.","Disk exhausted on the batch host mid write. Cleared space, added an alert and reran cleanly.",13.5
INC-2026-04146,2026-01-25T18:00,Retail,Store 014 Oslo,Point of sale,ERR-6205,Medium,Closed,E-commerce,Checkout terminal restarting unexpectedly,"Goes down on its own without anyone touching it, then comes back a minute later.",Thermal shutdown from blocked vents behind the counter. Relocated and cleaned.,6.1
INC-2026-04836,2026-03-06T04:45,Payments,Gateway West,Card authorisation,ERR-4001,Critical,Closed,Payments Platform,Authorisation success rate dropped,Volume looks normal but far fewer of them are completing than they should.,Upstream acquirer degraded. Failed over to the secondary route and rates recovered immediately.,4.1
INC-2026-04133,2026-09-08T12:30,Energy,Substation Kollsnes,SCADA link,ERR-3310,Medium,Closed,Grid Operations,Telemetry gap from remote site,We lose sight of it for minutes at a time and then it is back as though nothing happened.,Polling interval too aggressive after a config change. Reverted to the previous setting.,2.1
INC-2026-04992,2026-07-18T02:00,Payments,Gateway North,Settlement batch,ERR-4310,High,Resolved,Payments Platform,Settlement file rejected by clearing,The run failed silently and was only noticed when the morning figures did not balance.,"Disk exhausted on the batch host mid write. Cleared space, added an alert and reran cleanly.",11.5
INC-2026-04237,2026-04-08T12:45,Retail,Store 031 Bergen,Receipt printer,ERR-6250,Medium,In Progress,Logistics,No receipt at end of transaction,Staff hand over a torn stub because the machine quit in the middle of it.,,
INC-2026-04959,2026-07-07T18:45,Retail,Store 022 Trondheim,Inventory sync,ERR-6410,Medium,Closed,E-commerce,Online availability showing items that are sold out,Customers are ordering items that ran out before the order was even placed.,"Sync job failing silently on malformed records. Added validation and alerting, then reprocessed the backlog.",14.5
INC-2026-04231,2026-08-02T03:45,Maritime,MV Kvitøy,Navigation display,ERR-2203,Medium,Resolved,Bridge Systems,Console blanking intermittently,"Image stalls and the vessel symbol stops moving, though position is clearly still changing.",Failing power supply in the console. Replaced the unit and monitored for a full watch.,2.5
INC-2026-04596,2026-02-03T05:00,Payments,Gateway West,Card authorisation,ERR-4001,Critical,Closed,Fraud Engineering,Authorisation success rate dropped,Approval numbers fell off a cliff and have not come back on their own.,Connection pool exhausted after a traffic spike. Raised the pool size and added backpressure.,5.7
INC-2026-04197,2026-02-19T07:45,Energy,Substation Fana,Transformer cooling,ERR-7744,High,Closed,SCADA,Transformer temperature trending high,Readings climb steadily through the afternoon peak and no longer settle overnight the way they used to.,Radiator fins heavily fouled. Cleaned and flushed to restore rated cooling capacity.,14.6
INC-2026-04463,2026-08-04T06:15,Energy,Substation Rong,Transformer cooling,ERR-7744,High,Resolved,Grid Operations,Transformer temperature trending high,Unit runs hotter than the others on the same bus under identical load.,"Two cooling fans had failed. Replaced both, temperature returned to its normal profile within the hour.",18.8
INC-2026-04268,2026-07-17T15:45,Energy,Substation Fana,Transformer cooling,ERR-7744,High,Resolved,Substation Field,Unit running warmer than its neighbours,"Sits several degrees above where it has historically run, with load unchanged.","Two cooling fans had failed. Replaced both, temperature returned to its normal profile within the hour.",12.3
INC-2026-04767,2026-01-21T20:00,Payments,Gateway Core,Card authorisation,ERR-4001,Critical,Resolved,Payments Platform,Customers reporting failed checkout,"More transactions than normal are being turned away, with no pattern by card type or issuer.",Upstream acquirer degraded. Failed over to the secondary route and rates recovered immediately.,3.9
INC-2026-04304,2026-06-21T11:45,Maritime,MV Bergen Star,Fuel system,ERR-5140,Medium,Resolved,Bridge Systems,Auxiliary engine losing power intermittently,Engine drops revs briefly every few minutes then recovers on its own.,Air ingress at a loose union on the suction side. Tightened and pressure tested.,2.3
INC-2026-04479,2026-05-10T18:00,Energy,Substation Rong,Transformer cooling,ERR-7744,High,Closed,SCADA,Unit running warmer than its neighbours,"Gradual rise on the trend, small each day, obvious across a month.",Radiator fins heavily fouled. Cleaned and flushed to restore rated cooling capacity.,24.2
INC-2026-04787,2026-05-09T04:45,Energy,Substation Ålgård,Transformer cooling,ERR-7744,Medium,Resolved,Substation Field,Transformer temperature trending high,Control room sees the figure drifting upward and not recovering during the quiet hours.,Blocked airflow from vegetation growth against the enclosure. Cleared and trimmed back.,19.7
INC-2026-04753,2026-03-15T16:00,Payments,Gateway North,Fraud scoring,ERR-4102,High,Resolved,Fraud Engineering,Fraud model scoring slowly,"Overnight job still running well into the morning, leaving downstream reports delayed.",Feature store query missing an index after a schema change. Index rebuilt and latency recovered.,6.6
INC-2026-04582,2026-05-31T00:30,Payments,Gateway North,Card authorisation,ERR-4001,Critical,Resolved,Fraud Engineering,Elevated decline rate on card payments,Success rate dropped from its usual level to around eighty percent over about ten minutes.,Upstream acquirer degraded. Failed over to the secondary route and rates recovered immediately.,1.9
INC-2026-04562,2026-01-24T18:30,Energy,Substation Ålgård,Protection relay,ERR-7120,High,Resolved,Grid Operations,Feeder lost supply without cause,"Operated during normal conditions, and a full inspection turned up nothing at all.",Current transformer wiring reversed on one phase after maintenance. Corrected and tested.,17.2
INC-2026-04625,2026-03-02T10:15,Energy,Substation Rong,SCADA link,ERR-3310,Low,Resolved,Grid Operations,Telemetry gap from remote site,"Nothing reported in from that location for a stretch, with no alarm to say why.",Failing media converter at the site end. Swapped the unit and the gaps stopped.,9.4
INC-2026-04762,2026-09-02T10:00,Payments,Scoring Cluster A,Settlement batch,ERR-4310,Medium,Closed,Fraud Engineering,End of day batch did not complete,Batch stalled partway through and had to be restarted from the last checkpoint.,Trailing record count mismatch caused by a duplicated entry. Deduplicated and resubmitted.,17.1
INC-2026-04518,2026-06-27T15:45,Energy,Substation Kollsnes,SCADA link,ERR-3310,Medium,Resolved,Substation Field,Telemetry gap from remote site,Data stopped arriving during the night shift and backfilled automatically once the link recovered.,Radio link degraded by weather. Repointed the antenna and improved the margin.,2.9
INC-2026-04860,2026-05-26T12:45,Retail,DC Larvik,Point of sale,ERR-6205,Medium,Resolved,E-commerce,Till freezing during busy period,"Cuts out repeatedly once the shop fills up, never when it is quiet.",Faulty power supply under load. Replaced the unit with no repeat over the following week.,8.0
INC-2026-04642,2026-09-08T10:15,Energy,Substation Kollsnes,Transformer cooling,ERR-7744,High,Closed,Substation Field,Overtemperature warning during evening peak,"Sits several degrees above where it has historically run, with load unchanged.","Two cooling fans had failed. Replaced both, temperature returned to its normal profile within the hour.",11.2
INC-2026-04598,2026-07-15T01:45,Retail,DC Vestby,Point of sale,ERR-6205,High,Resolved,E-commerce,Checkout terminal restarting unexpectedly,"Unit reboots by itself a few times a day, always around the busiest hours.",Failing memory module. Swapped the board and soak tested through a full trading day.,4.1
INC-2026-04819,2026-01-19T00:30,Payments,Scoring Cluster A,Fraud scoring,ERR-4102,High,Resolved,Fraud Engineering,Fraud model scoring slowly,Queue depth has been climbing all day and the team cannot work through it fast enough.,Feature store query missing an index after a schema change. Index rebuilt and latency recovered.,10.8
INC-2026-04088,2026-04-07T04:45,Maritime,MV Nordlys,Fuel system,ERR-5140,High,In Progress,Bridge Systems,Uneven running on auxiliary engine,"Output is uneven under steady demand, with no alarm raised.",,
INC-2026-04871,2026-07-01T10:15,Energy,Substation Kollsnes,SCADA link,ERR-3310,Medium,Resolved,Grid Operations,Telemetry gap from remote site,"Values freeze at their last figure, then jump to current once contact returns.",Failing media converter at the site end. Swapped the unit and the gaps stopped.,9.9
INC-2026-04390,2026-08-23T10:30,Retail,Store 014 Oslo,Point of sale,ERR-6205,Medium,Resolved,Logistics,Lane out of service at peak,"Unit reboots by itself a few times a day, always around the busiest hours.",Failing memory module. Swapped the board and soak tested through a full trading day.,5.4
INC-2026-04063,2026-09-04T22:30,Payments,Scoring Cluster A,Fraud scoring,ERR-4102,High,Closed,Fraud Engineering,Review queue backing up,Genuine customers are being stopped at a rate we have not seen before.,Threshold misconfigured during deployment. Corrected and validated against the holdout set.,17.1
INC-2026-04925,2026-09-08T05:45,Retail,Store 014 Oslo,Inventory sync,ERR-6410,Medium,In Progress,Logistics,Online availability showing items that are sold out,"The website is offering products the shelf does not actually have, and customers arrive to collect nothing.",,
INC-2026-04112,2026-04-13T00:30,Retail,Store 031 Bergen,Point of sale,ERR-6205,Medium,Resolved,Store Systems,Till freezing during busy period,"Goes down on its own without anyone touching it, then comes back a minute later.",Thermal shutdown from blocked vents behind the counter. Relocated and cleaned.,7.9
INC-2026-04699,2026-01-20T21:45,Retail,Store 014 Oslo,Inventory sync,ERR-6410,High,Resolved,E-commerce,Counts disagree between systems,Customers are ordering items that ran out before the order was even placed.,"Sync job failing silently on malformed records. Added validation and alerting, then reprocessed the backlog.",2.4
INC-2026-04711,2026-07-16T23:00,Maritime,MV Nordlys,Fuel system,ERR-5140,Medium,Resolved,Bridge Systems,Fuel pressure fluctuating on auxiliary engine,"Pressure reading swings up and down rather than holding steady, and the engine surges slightly with it.",Lift pump diaphragm perished. Renewed the pump and confirmed steady supply pressure.,7.2
INC-2026-04974,2026-08-14T22:00,Payments,Gateway West,Card authorisation,ERR-4001,High,Resolved,Fraud Engineering,Customers reporting failed checkout,"A fifth of attempts are bouncing back, where it is normally a rounding error.",Connection pool exhausted after a traffic spike. Raised the pool size and added backpressure.,0.8
INC-2026-04362,2026-04-25T01:45,Retail,DC Vestby,Receipt printer,ERR-6250,Low,Resolved,Logistics,Receipt printer not responding,"Paper feeds a few lines then gives up, leaving the customer with half a slip.",Paper sensor dirty and reporting empty. Cleaned and recalibrated.,2.3
INC-2026-04319,2026-09-10T23:00,Payments,Gateway West,Fraud scoring,ERR-4102,High,Closed,Fraud Engineering,False positives spiking on new rule,"Overnight job still running well into the morning, leaving downstream reports delayed.",Feature store query missing an index after a schema change. Index rebuilt and latency recovered.,8.9
INC-2026-04797,2026-04-08T02:00,Payments,Scoring Cluster A,Card authorisation,ERR-4001,High,Resolved,Core Banking,Elevated decline rate on card payments,Volume looks normal but far fewer of them are completing than they should.,"Expired certificate on the acquirer link. Renewed and redeployed, success rate normalised.",1.0
INC-2026-04841,2026-09-12T02:15,Maritime,MV Bergen Star,Bearing assembly,ERR-5012,High,Resolved,Rotating Equipment,Main pump noisy at high output,"Duty watch logged heavy oscillation on the unit at full output, quiet again once throttled.","Bearing clearance out of tolerance. Replaced bearing set and re-aligned coupling, vibration back within limits.",12.7
INC-2026-04934,2026-09-04T06:15,Energy,Substation Kollsnes,Transformer cooling,ERR-7744,Critical,Resolved,SCADA,Overtemperature warning during evening peak,"It is noticeably warmer to stand next to than the one beside it, carrying the same current.",Radiator fins heavily fouled. Cleaned and flushed to restore rated cooling capacity.,19.6
INC-2026-04157,2026-06-11T06:15,Retail,DC Vestby,Point of sale,ERR-6205,High,Closed,E-commerce,Till freezing during busy period,"Unit reboots by itself a few times a day, always around the busiest hours.",Failing memory module. Swapped the board and soak tested through a full trading day.,7.5
INC-2026-04800,2026-05-29T19:15,Retail,Store 014 Oslo,Inventory sync,ERR-6410,High,Resolved,E-commerce,Online availability showing items that are sold out,What the system believes is in the building bears no relation to what is in the building.,Message queue backed up behind a poison message. Removed it and replayed the remainder.,11.6
INC-2026-04629,2026-02-20T08:30,Maritime,MV Bergen Star,Navigation display,ERR-2203,High,Resolved,Rotating Equipment,Console blanking intermittently,"Unit drops out briefly two or three times a watch, always without an alarm.","Loose display cable at the bulkhead connector. Reseated and secured, no further dropouts.",2.5
INC-2026-04123,2026-08-29T07:15,Retail,DC Larvik,Inventory sync,ERR-6410,Low,Resolved,E-commerce,Counts disagree between systems,Numbers on screen and numbers on the rack are two different stories.,Message queue backed up behind a poison message. Removed it and replayed the remainder.,4.2
INC-2026-04477,2026-02-04T09:15,Retail,DC Larvik,Inventory sync,ERR-6410,High,Resolved,Store Systems,Stock levels out of step with warehouse,Numbers on screen and numbers on the rack are two different stories.,Message queue backed up behind a poison message. Removed it and replayed the remainder.,15.3
INC-2026-04943,2026-02-02T18:30,Retail,Store 022 Trondheim,Point of sale,ERR-6205,Medium,Resolved,Logistics,Till freezing during busy period,Staff lose the lane completely and have to move the queue to the next one.,Failing memory module. Swapped the board and soak tested through a full trading day.,8.6
INC-2026-04893,2026-08-06T19:30,Energy,Substation Fana,SCADA link,ERR-3310,Medium,Resolved,SCADA,SCADA polling timeouts overnight,"Control room had no readings from the site for about twenty minutes, then everything reappeared at once.",Polling interval too aggressive after a config change. Reverted to the previous setting.,11.9
INC-2026-04064,2026-05-09T04:00,Energy,Substation Fana,Transformer cooling,ERR-7744,High,Closed,Substation Field,Transformer temperature trending high,"It is noticeably warmer to stand next to than the one beside it, carrying the same current.",Radiator fins heavily fouled. Cleaned and flushed to restore rated cooling capacity.,16.6
INC-2026-04888,2026-01-15T03:45,Retail,Store 022 Trondheim,Inventory sync,ERR-6410,Low,Closed,Logistics,Online availability showing items that are sold out,Customers are ordering items that ran out before the order was even placed.,Message queue backed up behind a poison message. Removed it and replayed the remainder.,10.7
INC-2026-04195,2026-06-28T03:00,Payments,Gateway Core,Card authorisation,ERR-4001,Critical,Resolved,Core Banking,Customers reporting failed checkout,Approval numbers fell off a cliff and have not come back on their own.,Connection pool exhausted after a traffic spike. Raised the pool size and added backpressure.,5.2
INC-2026-04445,2026-09-05T12:30,Retail,Store 031 Bergen,Point of sale,ERR-6205,Medium,In Progress,Logistics,Checkout terminal restarting unexpectedly,"Cuts out repeatedly once the shop fills up, never when it is quiet.",,
INC-2026-04681,2026-03-22T03:15,Retail,Store 031 Bergen,Receipt printer,ERR-6250,Medium,Resolved,Store Systems,Receipt printer not responding,Output dies mid print and the transaction has to be put through again.,Printer driver incompatible with the latest POS release. Rolled back the driver.,2.6
INC-2026-04428,2026-05-29T20:00,Energy,Substation Kollsnes,SCADA link,ERR-3310,Medium,Resolved,Substation Field,SCADA polling timeouts overnight,"Intermittent loss of contact with the outstation, several short gaps through the evening.",Failing media converter at the site end. Swapped the unit and the gaps stopped.,4.1
INC-2026-04808,2026-08-23T15:45,Payments,Gateway North,Fraud scoring,ERR-4102,High,Resolved,Payments Platform,Review queue backing up,"Overnight job still running well into the morning, leaving downstream reports delayed.",Threshold misconfigured during deployment. Corrected and validated against the holdout set.,2.6
INC-2026-04640,2026-03-22T23:00,Payments,Gateway West,Fraud scoring,ERR-4102,Medium,Resolved,Core Banking,Fraud model scoring slowly,Queue depth has been climbing all day and the team cannot work through it fast enough.,Feature store query missing an index after a schema change. Index rebuilt and latency recovered.,9.9
INC-2026-04987,2026-01-21T00:00,Energy,Substation Fana,Protection relay,ERR-7120,High,Resolved,SCADA,Feeder lost supply without cause,"Supply dropped with no weather, no work in progress and nothing on the overhead.",Relay setting group left on the commissioning profile. Restored operational settings.,3.1
INC-2026-04246,2026-01-26T22:15,Energy,Substation Kollsnes,SCADA link,ERR-3310,Low,Resolved,SCADA,SCADA polling timeouts overnight,"Values freeze at their last figure, then jump to current once contact returns.",Radio link degraded by weather. Repointed the antenna and improved the margin.,1.7
INC-2026-04531,2026-04-15T04:15,Energy,Substation Rong,SCADA link,ERR-3310,Medium,Resolved,SCADA,SCADA polling timeouts overnight,"Control room had no readings from the site for about twenty minutes, then everything reappeared at once.",Radio link degraded by weather. Repointed the antenna and improved the margin.,1.3
INC-2026-04536,2026-04-25T01:15,Payments,Gateway Core,Card authorisation,ERR-4001,High,Resolved,Payments Platform,Elevated decline rate on card payments,Approval numbers fell off a cliff and have not come back on their own.,Connection pool exhausted after a traffic spike. Raised the pool size and added backpressure.,5.6
INC-2026-04183,2026-06-05T12:45,Energy,Substation Rong,SCADA link,ERR-3310,High,Resolved,SCADA,Telemetry gap from remote site,Trend shows holes in the record overnight that filled themselves in by morning.,Failing media converter at the site end. Swapped the unit and the gaps stopped.,7.2
INC-2026-04295,2026-05-02T18:15,Energy,Substation Ålgård,Transformer cooling,ERR-7744,High,Resolved,Grid Operations,Transformer temperature trending high,Unit runs hotter than the others on the same bus under identical load.,"Two cooling fans had failed. Replaced both, temperature returned to its normal profile within the hour.",17.0
INC-2026-04572,2026-05-06T14:45,Retail,Store 031 Bergen,Receipt printer,ERR-6250,Medium,Resolved,Logistics,No receipt at end of transaction,Staff hand over a torn stub because the machine quit in the middle of it.,Printer driver incompatible with the latest POS release. Rolled back the driver.,2.3
INC-2026-04729,2026-09-05T09:15,Energy,Substation Rong,Protection relay,ERR-7120,High,Resolved,Grid Operations,Unexpected breaker trip on feeder,Trip with no accompanying disturbance recorded anywhere on the network.,Relay setting group left on the commissioning profile. Restored operational settings.,17.9
INC-2026-04000,2026-06-28T05:30,Retail,DC Larvik,Inventory sync,ERR-6410,High,Resolved,Store Systems,Counts disagree between systems,"The website is offering products the shelf does not actually have, and customers arrive to collect nothing.","Sync job failing silently on malformed records. Added validation and alerting, then reprocessed the backlog.",18.9
INC-2026-04788,2026-03-11T16:30,Payments,Gateway Core,Fraud scoring,ERR-4102,High,Resolved,Payments Platform,Fraud model scoring slowly,Queue depth has been climbing all day and the team cannot work through it fast enough.,Threshold misconfigured during deployment. Corrected and validated against the holdout set.,3.3
INC-2026-04975,2026-08-23T15:15,Energy,Substation Ålgård,Transformer cooling,ERR-7744,Medium,Resolved,Substation Field,Unit running warmer than its neighbours,Readings climb steadily through the afternoon peak and no longer settle overnight the way they used to.,Radiator fins heavily fouled. Cleaned and flushed to restore rated cooling capacity.,24.1
INC-2026-04672,2026-01-16T01:00,Maritime,MV Kvitøy,Navigation display,ERR-2203,Medium,Closed,Bridge Systems,Bridge display unresponsive during watch,"Display goes dark without warning and comes back after a minute, nothing in the alarm log.","Loose display cable at the bulkhead connector. Reseated and secured, no further dropouts.",6.8
INC-2026-04732,2026-08-12T13:30,Energy,Substation Fana,Transformer cooling,ERR-7744,High,Resolved,Grid Operations,Transformer temperature trending high,Temperature creeping up over several days with no change in demand to explain it.,Radiator fins heavily fouled. Cleaned and flushed to restore rated cooling capacity.,17.0
INC-2026-04322,2026-07-05T14:00,Payments,Gateway North,Settlement batch,ERR-4310,High,Resolved,Payments Platform,Daily reconciliation out by a file,"Clearing would not take the submission, so nothing landed where it should have.",Trailing record count mismatch caused by a duplicated entry. Deduplicated and resubmitted.,4.9
INC-2026-04812,2026-04-09T18:15,Retail,DC Vestby,Point of sale,ERR-6205,Medium,Resolved,E-commerce,Lane out of service at peak,"Unit reboots by itself a few times a day, always around the busiest hours.",Failing memory module. Swapped the board and soak tested through a full trading day.,1.5
INC-2026-04758,2026-02-08T19:00,Energy,Substation Kollsnes,Transformer cooling,ERR-7744,Medium,In Progress,Grid Operations,Transformer temperature trending high,Control room sees the figure drifting upward and not recovering during the quiet hours.,,
INC-2026-04334,2026-04-03T21:15,Energy,Substation Ålgård,SCADA link,ERR-3310,Low,Resolved,Grid Operations,Outstation dropping off the system,We lose sight of it for minutes at a time and then it is back as though nothing happened.,Radio link degraded by weather. Repointed the antenna and improved the margin.,11.9
INC-2026-04902,2026-04-08T09:45,Payments,Gateway West,Card authorisation,ERR-4001,High,Closed,Payments Platform,Authorisation success rate dropped,Support is fielding complaints that the payment page hangs and then gives up.,Connection pool exhausted after a traffic spike. Raised the pool size and added backpressure.,2.3
INC-2026-04398,2026-03-09T18:15,Energy,Substation Rong,SCADA link,ERR-3310,High,Closed,Substation Field,Telemetry gap from remote site,"Nothing reported in from that location for a stretch, with no alarm to say why.",Radio link degraded by weather. Repointed the antenna and improved the margin.,4.1
INC-2026-04979,2026-09-06T05:15,Payments,Gateway North,Settlement batch,ERR-4310,Medium,Closed,Payments Platform,Daily reconciliation out by a file,"The file came back rejected with a format complaint, so settlement did not post for the day.",Downstream schema change not applied in our mapping. Updated the mapping and reran.,16.2
INC-2026-04885,2026-02-07T03:30,Retail,Store 031 Bergen,Point of sale,ERR-6205,High,Resolved,Store Systems,Lane out of service at peak,Staff lose the lane completely and have to move the queue to the next one.,Faulty power supply under load. Replaced the unit with no repeat over the following week.,4.7
INC-2026-04426,2026-06-15T15:45,Retail,Store 022 Trondheim,Inventory sync,ERR-6410,High,Resolved,Store Systems,Stock levels out of step with warehouse,"Figures are a day behind, so every decision this morning was made on yesterday's picture.",Clock skew between systems caused updates to be discarded as out of order. Corrected NTP.,7.1
INC-2026-04142,2026-08-29T03:00,Maritime,MV Nordlys,Fuel system,ERR-5140,High,Closed,Bridge Systems,Fuel pressure fluctuating on auxiliary engine,Power dips away and returns without anyone touching the controls.,Air ingress at a loose union on the suction side. Tightened and pressure tested.,7.2
INC-2026-04402,2026-02-22T05:00,Energy,Substation Fana,Protection relay,ERR-7120,High,Closed,SCADA,Feeder lost supply without cause,Trip with no accompanying disturbance recorded anywhere on the network.,Current transformer wiring reversed on one phase after maintenance. Corrected and tested.,9.3
INC-2026-04846,2026-03-12T10:00,Payments,Scoring Cluster A,Fraud scoring,ERR-4102,Medium,Resolved,Core Banking,Fraud model scoring slowly,Analysts are drowning in referrals that turn out to be perfectly ordinary purchases.,Threshold misconfigured during deployment. Corrected and validated against the holdout set.,12.0
INC-2026-04792,2026-08-01T16:30,Retail,Store 014 Oslo,Point of sale,ERR-6205,Medium,Closed,Logistics,Lane out of service at peak,Freezes solid with a customer standing there and the basket half scanned.,Faulty power supply under load. Replaced the unit with no repeat over the following week.,1.4
INC-2026-04349,2026-06-02T02:30,Energy,Substation Fana,SCADA link,ERR-3310,Medium,Resolved,Substation Field,Telemetry gap from remote site,Data stopped arriving during the night shift and backfilled automatically once the link recovered.,Polling interval too aggressive after a config change. Reverted to the previous setting.,11.6
INC-2026-04998,2026-06-10T22:00,Payments,Scoring Cluster A,Fraud scoring,ERR-4102,Medium,Closed,Core Banking,Fraud model scoring slowly,"Overnight job still running well into the morning, leaving downstream reports delayed.",Stale model artefact loaded on two nodes. Redeployed the correct version across the cluster.,16.9
INC-2026-04280,2026-03-03T10:45,Maritime,MV Storfjord,Fuel system,ERR-5140,Medium,Resolved,Bridge Systems,Auxiliary engine losing power intermittently,Engine drops revs briefly every few minutes then recovers on its own.,Air ingress at a loose union on the suction side. Tightened and pressure tested.,5.4
INC-2026-04001,2026-05-04T03:45,Payments,Gateway North,Settlement batch,ERR-4310,High,Closed,Payments Platform,Settlement file rejected by clearing,Batch stalled partway through and had to be restarted from the last checkpoint.,"Disk exhausted on the batch host mid write. Cleared space, added an alert and reran cleanly.",15.7
INC-2026-04984,2026-04-22T03:00,Maritime,MV Kvitøy,Fuel system,ERR-5140,High,Closed,Hull & Deck,Auxiliary engine losing power intermittently,"Watch reports the machine hunting at constant load, never quite holding a figure.",Air ingress at a loose union on the suction side. Tightened and pressure tested.,5.8
INC-2026-04917,2026-09-05T19:45,Energy,Substation Rong,SCADA link,ERR-3310,Medium,Resolved,SCADA,Outstation dropping off the system,"Control room had no readings from the site for about twenty minutes, then everything reappeared at once.",Failing media converter at the site end. Swapped the unit and the gaps stopped.,6.5
INC-2026-04083,2026-07-02T23:00,Energy,Substation Kollsnes,SCADA link,ERR-3310,Medium,Closed,Grid Operations,SCADA polling timeouts overnight,Data stopped arriving during the night shift and backfilled automatically once the link recovered.,Failing media converter at the site end. Swapped the unit and the gaps stopped.,2.4
INC-2026-04791,2026-06-07T07:00,Energy,Substation Fana,Transformer cooling,ERR-7744,High,In Progress,SCADA,Overtemperature warning during evening peak,"Sits several degrees above where it has historically run, with load unchanged.",,
INC-2026-04073,2026-04-01T00:15,Maritime,MV Bergen Star,Fuel system,ERR-5140,High,Resolved,Hull & Deck,Uneven running on auxiliary engine,"Pressure reading swings up and down rather than holding steady, and the engine surges slightly with it.",Air ingress at a loose union on the suction side. Tightened and pressure tested.,5.2
INC-2026-04908,2026-08-03T00:30,Retail,Store 031 Bergen,Point of sale,ERR-6205,High,Resolved,Store Systems,Lane out of service at peak,"It gives up under pressure. Quiet mornings are fine, Saturday afternoon is not.",Failing memory module. Swapped the board and soak tested through a full trading day.,3.4
INC-2026-04589,2026-05-22T13:45,Payments,Scoring Cluster A,Settlement batch,ERR-4310,Medium,Resolved,Payments Platform,Daily reconciliation out by a file,Overnight run stopped halfway and left the day only partly posted.,Trailing record count mismatch caused by a duplicated entry. Deduplicated and resubmitted.,10.4
INC-2026-04038,2026-05-06T19:45,Maritime,MV Havbris,Fuel system,ERR-5140,High,In Progress,Rotating Equipment,Auxiliary engine losing power intermittently,Engine drops revs briefly every few minutes then recovers on its own.,,
INC-2026-04733,2026-01-23T15:30,Retail,DC Larvik,Inventory sync,ERR-6410,Medium,Closed,E-commerce,Stock levels out of step with warehouse,Counts in the system do not match what staff find when they physically check the shelf.,Message queue backed up behind a poison message. Removed it and replayed the remainder.,5.3
INC-2026-04034,2026-05-27T08:15,Energy,Substation Rong,SCADA link,ERR-3310,Medium,Resolved,Substation Field,Telemetry gap from remote site,Data stopped arriving during the night shift and backfilled automatically once the link recovered.,Failing media converter at the site end. Swapped the unit and the gaps stopped.,1.4
INC-2026-04370,2026-05-07T08:45,Payments,Gateway West,Card authorisation,ERR-4001,Critical,Resolved,Payments Platform,Elevated decline rate on card payments,"More transactions than normal are being turned away, with no pattern by card type or issuer.",Upstream acquirer degraded. Failed over to the secondary route and rates recovered immediately.,5.6
INC-2026-04772,2026-09-05T14:45,Energy,Substation Rong,SCADA link,ERR-3310,Low,Resolved,SCADA,Outstation dropping off the system,"Nothing reported in from that location for a stretch, with no alarm to say why.",Radio link degraded by weather. Repointed the antenna and improved the margin.,9.9
INC-2026-04206,2026-03-04T15:30,Payments,Scoring Cluster A,Fraud scoring,ERR-4102,Medium,Resolved,Fraud Engineering,Fraud model scoring slowly,Response times have crept up to the point where the checkout feels sluggish.,Stale model artefact loaded on two nodes. Redeployed the correct version across the cluster.,2.7
INC-2026-04269,2026-02-28T04:15,Maritime,MV Storfjord,Fuel system,ERR-5140,Low,Closed,Bridge Systems,Uneven running on auxiliary engine,"Brief hesitation every so often, as though it is starving for a moment and then catching again.",Lift pump diaphragm perished. Renewed the pump and confirmed steady supply pressure.,5.9
INC-2026-04969,2026-06-27T10:30,Maritime,MV Kvitøy,Fuel system,ERR-5140,Medium,Resolved,Hull & Deck,Uneven running on auxiliary engine,Engine drops revs briefly every few minutes then recovers on its own.,Fuel filter partially blocked. Replaced the element and bled the system.,3.2
INC-2026-04124,2026-03-19T11:15,Energy,Substation Rong,SCADA link,ERR-3310,High,Resolved,Substation Field,SCADA polling timeouts overnight,Trend shows holes in the record overnight that filled themselves in by morning.,Radio link degraded by weather. Repointed the antenna and improved the margin.,11.3
INC-2026-04611,2026-09-01T20:00,Retail,Store 022 Trondheim,Point of sale,ERR-6205,Medium,In Progress,E-commerce,Checkout terminal restarting unexpectedly,Screen stops accepting input at the worst moment and the sale has to be started again.,,
INC-2026-04190,2026-05-05T18:15,Payments,Scoring Cluster A,Settlement batch,ERR-4310,High,Resolved,Fraud Engineering,Settlement file rejected by clearing,Overnight run stopped halfway and left the day only partly posted.,"Disk exhausted on the batch host mid write. Cleared space, added an alert and reran cleanly.",17.6
INC-2026-04706,2026-04-08T08:00,Payments,Gateway West,Settlement batch,ERR-4310,High,Closed,Fraud Engineering,Daily reconciliation out by a file,"The file came back rejected with a format complaint, so settlement did not post for the day.",Downstream schema change not applied in our mapping. Updated the mapping and reran.,16.4
INC-2026-04739,2026-05-21T11:30,Payments,Scoring Cluster A,Fraud scoring,ERR-4102,Low,Resolved,Payments Platform,False positives spiking on new rule,Scoring calls take several seconds where they normally return almost instantly.,Feature store query missing an index after a schema change. Index rebuilt and latency recovered.,9.7
INC-2026-04914,2026-03-18T16:45,Retail,DC Larvik,Receipt printer,ERR-6250,Low,Resolved,Logistics,Printing stops partway through a sale,Output dies mid print and the transaction has to be put through again.,Paper sensor dirty and reporting empty. Cleaned and recalibrated.,1.9
INC-2026-04226,2026-09-05T15:30,Maritime,MV Bergen Star,Navigation display,ERR-2203,High,In Progress,Rotating Equipment,Bridge display unresponsive during watch,Console stops responding to touch and only recovers after a power cycle.,,
INC-2026-04306,2026-03-01T20:45,Payments,Gateway West,Fraud scoring,ERR-4102,Medium,Resolved,Payments Platform,Fraud model scoring slowly,The model is taking its time. What used to be instant now has a noticeable wait.,Feature store query missing an index after a schema change. Index rebuilt and latency recovered.,10.3
INC-2026-04352,2026-06-23T23:30,Retail,Store 022 Trondheim,Inventory sync,ERR-6410,High,Resolved,Store Systems,Stock levels out of step with warehouse,Numbers on screen and numbers on the rack are two different stories.,Clock skew between systems caused updates to be discarded as out of order. Corrected NTP.,11.2
INC-2026-04019,2026-04-01T13:00,Retail,Store 014 Oslo,Inventory sync,ERR-6410,Medium,Closed,Logistics,Stock levels out of step with warehouse,"The nightly transfer arrived hours late, so morning picking worked from stale numbers.","Sync job failing silently on malformed records. Added validation and alerting, then reprocessed the backlog.",11.4
INC-2026-04122,2026-07-17T16:30,Energy,Substation Fana,Transformer cooling,ERR-7744,Critical,Resolved,SCADA,Overtemperature warning during evening peak,"Gradual rise on the trend, small each day, obvious across a month.",Blocked airflow from vegetation growth against the enclosure. Cleared and trimmed back.,16.9
INC-2026-04633,2026-09-12T15:30,Energy,Substation Ålgård,Transformer cooling,ERR-7744,High,Resolved,Grid Operations,Unit running warmer than its neighbours,"It is noticeably warmer to stand next to than the one beside it, carrying the same current.",Radiator fins heavily fouled. Cleaned and flushed to restore rated cooling capacity.,5.4
INC-2026-04939,2026-09-13T17:45,Energy,Substation Ålgård,SCADA link,ERR-3310,High,Closed,SCADA,Outstation dropping off the system,"Control room had no readings from the site for about twenty minutes, then everything reappeared at once.",Failing media converter at the site end. Swapped the unit and the gaps stopped.,8.0
INC-2026-04164,2026-08-30T12:00,Payments,Scoring Cluster A,Card authorisation,ERR-4001,High,Resolved,Fraud Engineering,Authorisation success rate dropped,People are being refused at the final step even though their cards are perfectly good.,Upstream acquirer degraded. Failed over to the secondary route and rates recovered immediately.,5.7
INC-2026-04081,2026-03-06T20:30,Payments,Gateway North,Card authorisation,ERR-4001,Critical,Resolved,Payments Platform,Elevated decline rate on card payments,"Customers say payment spins and then fails, and a retry usually works on the second attempt.","Expired certificate on the acquirer link. Renewed and redeployed, success rate normalised.",2.6
INC-2026-04388,2026-06-21T15:15,Payments,Gateway North,Card authorisation,ERR-4001,High,Resolved,Core Banking,Elevated decline rate on card payments,Success rate dropped from its usual level to around eighty percent over about ten minutes.,Upstream acquirer degraded. Failed over to the secondary route and rates recovered immediately.,2.9
INC-2026-04372,2026-01-24T15:00,Maritime,MV Havbris,Bearing assembly,ERR-5012,High,Resolved,Bridge Systems,Pump running rough above 80% load,"Duty watch logged heavy oscillation on the unit at full output, quiet again once throttled.","Bearing clearance out of tolerance. Replaced bearing set and re-aligned coupling, vibration back within limits.",19.5
INC-2026-04882,2026-08-31T14:45,Retail,Store 022 Trondheim,Inventory sync,ERR-6410,Medium,Closed,Logistics,Online availability showing items that are sold out,Customers are ordering items that ran out before the order was even placed.,Message queue backed up behind a poison message. Removed it and replayed the remainder.,19.4
INC-2026-04346,2026-01-24T00:15,Energy,Substation Fana,Transformer cooling,ERR-7744,High,Closed,SCADA,Transformer temperature trending high,Unit runs hotter than the others on the same bus under identical load.,"Two cooling fans had failed. Replaced both, temperature returned to its normal profile within the hour.",12.5
INC-2026-04439,2026-08-14T23:15,Payments,Scoring Cluster A,Card authorisation,ERR-4001,High,Resolved,Payments Platform,Customers reporting failed checkout,"A fifth of attempts are bouncing back, where it is normally a rounding error.",Upstream acquirer degraded. Failed over to the secondary route and rates recovered immediately.,2.8
INC-2026-04216,2026-02-13T08:15,Retail,Store 031 Bergen,Inventory sync,ERR-6410,Medium,Resolved,Logistics,Online availability showing items that are sold out,Counts in the system do not match what staff find when they physically check the shelf.,Message queue backed up behind a poison message. Removed it and replayed the remainder.,16.8
INC-2026-04817,2026-08-25T03:45,Payments,Gateway Core,Settlement batch,ERR-4310,High,Resolved,Payments Platform,Settlement file rejected by clearing,Submission bounced. The totals at the end of it did not agree with the body.,Trailing record count mismatch caused by a duplicated entry. Deduplicated and resubmitted.,18.2
INC-2026-04302,2026-02-02T14:15,Maritime,MV Nordlys,Fuel system,ERR-5140,Medium,Resolved,Rotating Equipment,Auxiliary engine losing power intermittently,Gauge will not settle. It wanders either side of where it should sit.,Lift pump diaphragm perished. Renewed the pump and confirmed steady supply pressure.,7.1
INC-2026-04557,2026-06-03T12:45,Retail,DC Larvik,Inventory sync,ERR-6410,Low,Closed,Logistics,Stock levels out of step with warehouse,"The nightly transfer arrived hours late, so morning picking worked from stale numbers.","Sync job failing silently on malformed records. Added validation and alerting, then reprocessed the backlog.",18.0
INC-2026-04663,2026-01-16T08:00,Maritime,MV Nordlys,Fuel system,ERR-5140,Medium,Resolved,Hull & Deck,Auxiliary engine losing power intermittently,Gauge will not settle. It wanders either side of where it should sit.,Air ingress at a loose union on the suction side. Tightened and pressure tested.,10.0
INC-2026-04105,2026-06-02T19:15,Payments,Scoring Cluster A,Fraud scoring,ERR-4102,Medium,Resolved,Core Banking,False positives spiking on new rule,Far more legitimate transactions are being held for review than usual since yesterday.,Stale model artefact loaded on two nodes. Redeployed the correct version across the cluster.,10.0
INC-2026-04911,2026-05-28T16:45,Energy,Substation Rong,Transformer cooling,ERR-7744,High,Resolved,Substation Field,Unit running warmer than its neighbours,Control room sees the figure drifting upward and not recovering during the quiet hours.,Blocked airflow from vegetation growth against the enclosure. Cleared and trimmed back.,15.5
INC-2026-04301,2026-02-19T02:30,Payments,Gateway West,Fraud scoring,ERR-4102,High,Closed,Payments Platform,Fraud model scoring slowly,"Overnight job still running well into the morning, leaving downstream reports delayed.",Threshold misconfigured during deployment. Corrected and validated against the holdout set.,10.1
INC-2026-04271,2026-02-14T16:30,Payments,Scoring Cluster A,Fraud scoring,ERR-4102,High,Closed,Fraud Engineering,Review queue backing up,The model is taking its time. What used to be instant now has a noticeable wait.,Feature store query missing an index after a schema change. Index rebuilt and latency recovered.,16.7
INC-2026-04230,2026-07-23T12:00,Payments,Gateway North,Fraud scoring,ERR-4102,Medium,Resolved,Payments Platform,Review queue backing up,Scoring calls take several seconds where they normally return almost instantly.,Feature store query missing an index after a schema change. Index rebuilt and latency recovered.,13.2
INC-2026-04551,2026-06-27T12:45,Energy,Substation Rong,Transformer cooling,ERR-7744,High,Closed,Grid Operations,Transformer temperature trending high,"It is noticeably warmer to stand next to than the one beside it, carrying the same current.",Radiator fins heavily fouled. Cleaned and flushed to restore rated cooling capacity.,16.4
INC-2026-04904,2026-05-12T21:30,Payments,Gateway Core,Settlement batch,ERR-4310,High,Closed,Fraud Engineering,Settlement file rejected by clearing,Overnight run stopped halfway and left the day only partly posted.,Downstream schema change not applied in our mapping. Updated the mapping and reran.,4.2
INC-2026-04348,2026-04-19T08:15,Retail,Store 031 Bergen,Inventory sync,ERR-6410,High,Closed,Logistics,Counts disagree between systems,Numbers on screen and numbers on the rack are two different stories.,Message queue backed up behind a poison message. Removed it and replayed the remainder.,6.5
INC-2026-04637,2026-05-26T16:45,Maritime,MV Havbris,Navigation display,ERR-2203,High,Resolved,Hull & Deck,Bridge display unresponsive during watch,"Display goes dark without warning and comes back after a minute, nothing in the alarm log.",Firmware defect in the chart renderer. Applied vendor patch 4.2.1.,2.2
INC-2026-04223,2026-01-08T06:15,Payments,Gateway North,Fraud scoring,ERR-4102,Medium,Resolved,Fraud Engineering,Fraud model scoring slowly,"Overnight job still running well into the morning, leaving downstream reports delayed.",Threshold misconfigured during deployment. Corrected and validated against the holdout set.,3.3
INC-2026-04901,2026-05-15T05:15,Retail,DC Vestby,Receipt printer,ERR-6250,Medium,Resolved,Store Systems,Receipt printer not responding,It produces the top of the receipt and then simply stops.,Paper sensor dirty and reporting empty. Cleaned and recalibrated.,3.6
INC-2026-04737,2026-09-06T14:15,Energy,Substation Ålgård,SCADA link,ERR-3310,High,Resolved,Substation Field,Telemetry gap from remote site,Data stopped arriving during the night shift and backfilled automatically once the link recovered.,Polling interval too aggressive after a config change. Reverted to the previous setting.,7.2
INC-2026-04891,2026-05-16T05:45,Energy,Substation Kollsnes,SCADA link,ERR-3310,Medium,Resolved,Substation Field,Outstation dropping off the system,"Values freeze at their last figure, then jump to current once contact returns.",Radio link degraded by weather. Repointed the antenna and improved the margin.,6.8
INC-2026-04605,2026-03-20T06:15,Payments,Gateway Core,Settlement batch,ERR-4310,Medium,Resolved,Core Banking,End of day batch did not complete,The run failed silently and was only noticed when the morning figures did not balance.,Downstream schema change not applied in our mapping. Updated the mapping and reran.,15.8
INC-2026-04865,2026-06-09T17:00,Retail,DC Vestby,Receipt printer,ERR-6250,Medium,Closed,E-commerce,Receipt printer not responding,Staff hand over a torn stub because the machine quit in the middle of it.,Worn feed roller slipping under load. Replaced the roller assembly.,2.4
INC-2026-04892,2026-01-12T17:45,Payments,Scoring Cluster A,Fraud scoring,ERR-4102,High,Resolved,Fraud Engineering,Review queue backing up,"Overnight job still running well into the morning, leaving downstream reports delayed.",Stale model artefact loaded on two nodes. Redeployed the correct version across the cluster.,15.4
INC-2026-04954,2026-07-10T16:45,Retail,Store 031 Bergen,Point of sale,ERR-6205,Low,In Progress,E-commerce,Till freezing during busy period,"It gives up under pressure. Quiet mornings are fine, Saturday afternoon is not.",,
INC-2026-04991,2026-03-07T11:15,Payments,Gateway West,Card authorisation,ERR-4001,High,Resolved,Fraud Engineering,Customers reporting failed checkout,"A fifth of attempts are bouncing back, where it is normally a rounding error.","Expired certificate on the acquirer link. Renewed and redeployed, success rate normalised.",2.2
INC-2026-04199,2026-08-24T13:00,Energy,Substation Fana,SCADA link,ERR-3310,Medium,Resolved,SCADA,Telemetry gap from remote site,We lose sight of it for minutes at a time and then it is back as though nothing happened.,Radio link degraded by weather. Repointed the antenna and improved the margin.,4.4
INC-2026-04546,2026-08-13T08:45,Energy,Substation Fana,Protection relay,ERR-7120,Critical,Closed,Grid Operations,Feeder lost supply without cause,Breaker opened on its own. Walked the route and found nothing wrong.,Relay setting group left on the commissioning profile. Restored operational settings.,10.9
INC-2026-04040,2026-07-11T19:15,Retail,DC Larvik,Point of sale,ERR-6205,Medium,Resolved,Store Systems,Checkout terminal restarting unexpectedly,Freezes solid with a customer standing there and the basket half scanned.,Faulty power supply under load. Replaced the unit with no repeat over the following week.,6.7
INC-2026-04612,2026-07-21T04:45,Retail,DC Larvik,Point of sale,ERR-6205,Medium,Closed,Logistics,Lane out of service at peak,Screen stops accepting input at the worst moment and the sale has to be started again.,Faulty power supply under load. Replaced the unit with no repeat over the following week.,7.8
INC-2026-04324,2026-02-01T14:45,Energy,Substation Fana,Protection relay,ERR-7120,Critical,Resolved,Substation Field,Feeder lost supply without cause,Trip with no accompanying disturbance recorded anywhere on the network.,Relay setting group left on the commissioning profile. Restored operational settings.,17.3
INC-2026-04092,2026-06-12T02:00,Retail,Store 014 Oslo,Inventory sync,ERR-6410,Medium,In Progress,E-commerce,Counts disagree between systems,"Figures are a day behind, so every decision this morning was made on yesterday's picture.",,
INC-2026-04775,2026-08-11T11:30,Maritime,MV Storfjord,Fuel system,ERR-5140,Medium,Resolved,Bridge Systems,Uneven running on auxiliary engine,"Watch reports the machine hunting at constant load, never quite holding a figure.",Lift pump diaphragm perished. Renewed the pump and confirmed steady supply pressure.,8.0
INC-2026-04740,2026-04-12T20:30,Energy,Substation Fana,SCADA link,ERR-3310,Low,Closed,SCADA,Outstation dropping off the system,"Intermittent loss of contact with the outstation, several short gaps through the evening.",Polling interval too aggressive after a config change. Reverted to the previous setting.,9.4
INC-2026-04936,2026-08-17T00:00,Maritime,MV Bergen Star,Navigation display,ERR-2203,High,Closed,Bridge Systems,Bridge display unresponsive during watch,"Display goes dark without warning and comes back after a minute, nothing in the alarm log.",Firmware defect in the chart renderer. Applied vendor patch 4.2.1.,5.2
INC-2026-04460,2026-05-25T14:30,Maritime,MV Storfjord,Fuel system,ERR-5140,High,Resolved,Hull & Deck,Auxiliary engine losing power intermittently,"Output is uneven under steady demand, with no alarm raised.",Lift pump diaphragm perished. Renewed the pump and confirmed steady supply pressure.,3.1
INC-2026-04406,2026-06-30T13:00,Maritime,MV Bergen Star,Fuel system,ERR-5140,High,Resolved,Hull & Deck,Uneven running on auxiliary engine,Gauge will not settle. It wanders either side of where it should sit.,Lift pump diaphragm perished. Renewed the pump and confirmed steady supply pressure.,3.9
INC-2026-04618,2026-01-18T23:15,Maritime,MV Storfjord,Fuel system,ERR-5140,Medium,Resolved,Bridge Systems,Uneven running on auxiliary engine,"Output is uneven under steady demand, with no alarm raised.",Air ingress at a loose union on the suction side. Tightened and pressure tested.,6.7
INC-2026-04585,2026-04-08T10:30,Energy,Substation Kollsnes,SCADA link,ERR-3310,Medium,Closed,Grid Operations,Outstation dropping off the system,"Values freeze at their last figure, then jump to current once contact returns.",Failing media converter at the site end. Swapped the unit and the gaps stopped.,7.4
INC-2026-04613,2026-07-19T07:00,Energy,Substation Fana,SCADA link,ERR-3310,Medium,Resolved,Substation Field,Telemetry gap from remote site,The site went quiet. Nothing came in until it suddenly caught up in one burst.,Failing media converter at the site end. Swapped the unit and the gaps stopped.,7.1
INC-2026-04822,2026-06-29T13:15,Payments,Scoring Cluster A,Fraud scoring,ERR-4102,Medium,Closed,Fraud Engineering,Review queue backing up,Genuine customers are being stopped at a rate we have not seen before.,Threshold misconfigured during deployment. Corrected and validated against the holdout set.,12.8
INC-2026-04789,2026-03-12T12:30,Retail,Store 014 Oslo,Receipt printer,ERR-6250,Low,Resolved,Logistics,Printing stops partway through a sale,The till says done and the customer gets nothing to take away.,Worn feed roller slipping under load. Replaced the roller assembly.,1.4
INC-2026-04962,2026-08-15T00:15,Retail,Store 014 Oslo,Receipt printer,ERR-6250,Low,Resolved,Store Systems,No receipt at end of transaction,Staff hand over a torn stub because the machine quit in the middle of it.,Paper sensor dirty and reporting empty. Cleaned and recalibrated.,4.6
INC-2026-04798,2026-06-06T03:30,Payments,Gateway Core,Card authorisation,ERR-4001,Critical,Resolved,Payments Platform,Customers reporting failed checkout,Volume looks normal but far fewer of them are completing than they should.,Connection pool exhausted after a traffic spike. Raised the pool size and added backpressure.,5.3
INC-2026-04473,2026-01-07T05:15,Energy,Substation Rong,SCADA link,ERR-3310,Medium,Closed,Substation Field,Telemetry gap from remote site,"Values freeze at their last figure, then jump to current once contact returns.",Radio link degraded by weather. Repointed the antenna and improved the margin.,4.2
INC-2026-04603,2026-05-11T01:15,Energy,Substation Rong,Transformer cooling,ERR-7744,Critical,Resolved,SCADA,Overtemperature warning during evening peak,Readings climb steadily through the afternoon peak and no longer settle overnight the way they used to.,Radiator fins heavily fouled. Cleaned and flushed to restore rated cooling capacity.,17.8
INC-2026-04084,2026-07-24T18:45,Retail,Store 031 Bergen,Point of sale,ERR-6205,High,Resolved,E-commerce,Checkout terminal restarting unexpectedly,"Unit reboots by itself a few times a day, always around the busiest hours.",Thermal shutdown from blocked vents behind the counter. Relocated and cleaned.,6.5
INC-2026-04544,2026-06-06T20:30,Retail,DC Vestby,Receipt printer,ERR-6250,Medium,Closed,E-commerce,No receipt at end of transaction,Printer stops halfway through and the sale has to be voided and rerun.,Worn feed roller slipping under load. Replaced the roller assembly.,1.9
INC-2026-04158,2026-05-28T07:00,Payments,Gateway West,Settlement batch,ERR-4310,Medium,Resolved,Payments Platform,Daily reconciliation out by a file,Submission bounced. The totals at the end of it did not agree with the body.,Downstream schema change not applied in our mapping. Updated the mapping and reran.,7.8
INC-2026-04973,2026-04-07T15:15,Retail,DC Larvik,Point of sale,ERR-6205,Medium,Resolved,E-commerce,Till freezing during busy period,Freezes solid with a customer standing there and the basket half scanned.,Faulty power supply under load. Replaced the unit with no repeat over the following week.,3.7
INC-2026-04868,2026-06-26T06:00,Energy,Substation Kollsnes,Protection relay,ERR-7120,High,In Progress,SCADA,Relay operated with no fault found,"Went off with a clean line. Nothing burnt, nothing down, nothing touching it.",,
INC-2026-04366,2026-09-10T12:30,Retail,DC Larvik,Inventory sync,ERR-6410,Medium,Closed,Store Systems,Counts disagree between systems,What the system believes is in the building bears no relation to what is in the building.,Message queue backed up behind a poison message. Removed it and replayed the remainder.,19.8
INC-2026-04086,2026-08-21T01:30,Maritime,MV Kvitøy,Navigation display,ERR-2203,High,Closed,Rotating Equipment,Chart display freezing on bridge console,"Goes black for a moment, then paints itself back in as if nothing happened.","Loose display cable at the bulkhead connector. Reseated and secured, no further dropouts.",3.7
INC-2026-04850,2026-07-02T03:30,Maritime,MV Bergen Star,Navigation display,ERR-2203,Low,Resolved,Rotating Equipment,Chart display freezing on bridge console,"Screen locks up for around thirty seconds then returns on its own, several times per watch.","Loose display cable at the bulkhead connector. Reseated and secured, no further dropouts.",7.2
INC-2026-04399,2026-02-15T03:45,Retail,Store 014 Oslo,Inventory sync,ERR-6410,Low,Resolved,E-commerce,Online availability showing items that are sold out,"We are selling things we do not hold, and the first anyone knows is at the collection point.",Clock skew between systems caused updates to be discarded as out of order. Corrected NTP.,16.6
INC-2026-04870,2026-02-19T08:00,Payments,Gateway West,Card authorisation,ERR-4001,High,In Progress,Fraud Engineering,Elevated decline rate on card payments,"A fifth of attempts are bouncing back, where it is normally a rounding error.",,
INC-2026-04232,2026-05-17T01:45,Retail,Store 022 Trondheim,Receipt printer,ERR-6250,Low,Resolved,E-commerce,Receipt printer not responding,"Nothing comes out at all, though the terminal reports the sale completed.",Worn feed roller slipping under load. Replaced the roller assembly.,2.6
INC-2026-04720,2026-07-17T23:00,Energy,Substation Ålgård,Transformer cooling,ERR-7744,High,Resolved,Grid Operations,Overtemperature warning during evening peak,Control room sees the figure drifting upward and not recovering during the quiet hours.,"Two cooling fans had failed. Replaced both, temperature returned to its normal profile within the hour.",22.8
INC-2026-04971,2026-03-22T19:45,Energy,Substation Kollsnes,Transformer cooling,ERR-7744,High,Resolved,Grid Operations,Unit running warmer than its neighbours,"Sits several degrees above where it has historically run, with load unchanged.",Blocked airflow from vegetation growth against the enclosure. Cleared and trimmed back.,24.0
INC-2026-04447,2026-04-22T12:00,Energy,Substation Rong,Protection relay,ERR-7120,High,Closed,Substation Field,Unexpected breaker trip on feeder,Breaker opened on its own. Walked the route and found nothing wrong.,Relay setting group left on the commissioning profile. Restored operational settings.,9.6
INC-2026-04853,2026-05-26T13:15,Energy,Substation Rong,Transformer cooling,ERR-7744,Critical,Resolved,SCADA,Unit running warmer than its neighbours,Control room sees the figure drifting upward and not recovering during the quiet hours.,Radiator fins heavily fouled. Cleaned and flushed to restore rated cooling capacity.,25.0
INC-2026-04287,2026-04-20T21:15,Maritime,MV Nordlys,Fuel system,ERR-5140,Medium,Closed,Rotating Equipment,Fuel pressure fluctuating on auxiliary engine,Engine drops revs briefly every few minutes then recovers on its own.,Fuel filter partially blocked. Replaced the element and bled the system.,2.2
INC-2026-04855,2026-04-02T07:45,Energy,Substation Rong,SCADA link,ERR-3310,Low,Resolved,Grid Operations,SCADA polling timeouts overnight,Data stopped arriving during the night shift and backfilled automatically once the link recovered.,Polling interval too aggressive after a config change. Reverted to the previous setting.,6.8
INC-2026-04351,2026-02-17T21:30,Payments,Gateway Core,Card authorisation,ERR-4001,Critical,Resolved,Fraud Engineering,Authorisation success rate dropped,"A fifth of attempts are bouncing back, where it is normally a rounding error.",Upstream acquirer degraded. Failed over to the secondary route and rates recovered immediately.,1.6
INC-2026-04233,2026-09-08T13:45,Maritime,MV Nordlys,Navigation display,ERR-2203,Medium,Resolved,Hull & Deck,Bridge display unresponsive during watch,"Watchkeeper cannot interact with it for short spells, then it wakes up again.",Failing power supply in the console. Replaced the unit and monitored for a full watch.,3.2
INC-2026-04389,2026-03-26T11:45,Retail,Store 022 Trondheim,Receipt printer,ERR-6250,Low,Resolved,E-commerce,No receipt at end of transaction,The till says done and the customer gets nothing to take away.,Paper sensor dirty and reporting empty. Cleaned and recalibrated.,1.1
INC-2026-04022,2026-06-17T20:30,Payments,Gateway North,Fraud scoring,ERR-4102,High,Resolved,Core Banking,Review queue backing up,"Overnight job still running well into the morning, leaving downstream reports delayed.",Feature store query missing an index after a schema change. Index rebuilt and latency recovered.,2.0
INC-2026-04381,2026-06-18T23:00,Payments,Scoring Cluster A,Fraud scoring,ERR-4102,High,Resolved,Core Banking,False positives spiking on new rule,Genuine customers are being stopped at a rate we have not seen before.,Threshold misconfigured during deployment. Corrected and validated against the holdout set.,7.6
INC-2026-04094,2026-07-22T20:30,Maritime,MV Kvitøy,Fuel system,ERR-5140,Medium,In Progress,Rotating Equipment,Uneven running on auxiliary engine,"Watch reports the machine hunting at constant load, never quite holding a figure.",,
INC-2026-04575,2026-05-09T14:15,Retail,DC Larvik,Inventory sync,ERR-6410,High,Resolved,Logistics,Online availability showing items that are sold out,Customers are ordering items that ran out before the order was even placed.,Message queue backed up behind a poison message. Removed it and replayed the remainder.,5.7
INC-2026-04495,2026-08-16T07:00,Maritime,MV Bergen Star,Fuel system,ERR-5140,Medium,Resolved,Hull & Deck,Uneven running on auxiliary engine,Gauge will not settle. It wanders either side of where it should sit.,Fuel filter partially blocked. Replaced the element and bled the system.,7.8
INC-2026-04667,2026-05-01T18:15,Retail,Store 022 Trondheim,Point of sale,ERR-6205,High,Closed,Store Systems,Checkout terminal restarting unexpectedly,"Unit reboots by itself a few times a day, always around the busiest hours.",Faulty power supply under load. Replaced the unit with no repeat over the following week.,3.9
INC-2026-04577,2026-03-24T16:30,Energy,Substation Rong,Transformer cooling,ERR-7744,High,Resolved,Substation Field,Unit running warmer than its neighbours,Readings climb steadily through the afternoon peak and no longer settle overnight the way they used to.,Blocked airflow from vegetation growth against the enclosure. Cleared and trimmed back.,9.0
INC-2026-04804,2026-07-11T10:45,Retail,Store 014 Oslo,Point of sale,ERR-6205,High,Closed,Logistics,Checkout terminal restarting unexpectedly,"Goes down on its own without anyone touching it, then comes back a minute later.",Thermal shutdown from blocked vents behind the counter. Relocated and cleaned.,3.0
INC-2026-04827,2026-04-04T07:15,Payments,Scoring Cluster A,Settlement batch,ERR-4310,Medium,Resolved,Core Banking,End of day batch did not complete,Job died in the middle and had to be picked up again from where it gave out.,Trailing record count mismatch caused by a duplicated entry. Deduplicated and resubmitted.,13.6
INC-2026-04763,2026-04-02T01:15,Energy,Substation Kollsnes,SCADA link,ERR-3310,High,In Progress,SCADA,Outstation dropping off the system,The site went quiet. Nothing came in until it suddenly caught up in one burst.,,
INC-2026-04801,2026-05-13T10:15,Retail,Store 022 Trondheim,Receipt printer,ERR-6250,Medium,Closed,Logistics,Printing stops partway through a sale,"Nothing comes out at all, though the terminal reports the sale completed.",Paper sensor dirty and reporting empty. Cleaned and recalibrated.,3.3
INC-2026-04505,2026-05-21T00:15,Energy,Substation Fana,Transformer cooling,ERR-7744,High,Closed,Grid Operations,Overtemperature warning during evening peak,Unit runs hotter than the others on the same bus under identical load.,Blocked airflow from vegetation growth against the enclosure. Cleared and trimmed back.,24.4
INC-2026-04638,2026-01-16T09:30,Payments,Gateway North,Card authorisation,ERR-4001,Critical,Resolved,Core Banking,Customers reporting failed checkout,Success rate dropped from its usual level to around eighty percent over about ten minutes.,"Expired certificate on the acquirer link. Renewed and redeployed, success rate normalised.",2.9
INC-2026-04469,2026-03-30T12:30,Maritime,MV Kvitøy,Navigation display,ERR-2203,Low,Closed,Rotating Equipment,Chart display freezing on bridge console,"Display goes dark without warning and comes back after a minute, nothing in the alarm log.","Loose display cable at the bulkhead connector. Reseated and secured, no further dropouts.",6.6
INC-2026-04358,2026-04-23T08:00,Maritime,MV Bergen Star,Fuel system,ERR-5140,High,Resolved,Rotating Equipment,Uneven running on auxiliary engine,"Brief hesitation every so often, as though it is starving for a moment and then catching again.",Lift pump diaphragm perished. Renewed the pump and confirmed steady supply pressure.,9.9
INC-2026-04250,2026-06-04T02:15,Payments,Scoring Cluster A,Card authorisation,ERR-4001,Medium,In Progress,Payments Platform,Elevated decline rate on card payments,People are being refused at the final step even though their cards are perfectly good.,,
INC-2026-04317,2026-07-16T12:15,Energy,Substation Fana,Protection relay,ERR-7120,High,Resolved,Grid Operations,Relay operated with no fault found,Trip with no accompanying disturbance recorded anywhere on the network.,"Moisture ingress in the relay panel causing spurious operation. Dried, sealed and retested.",5.2
INC-2026-04671,2026-08-19T15:15,Energy,Substation Fana,Transformer cooling,ERR-7744,Medium,Resolved,SCADA,Overtemperature warning during evening peak,Unit runs hotter than the others on the same bus under identical load.,Radiator fins heavily fouled. Cleaned and flushed to restore rated cooling capacity.,20.9
INC-2026-04591,2026-07-20T05:00,Payments,Gateway Core,Card authorisation,ERR-4001,Medium,Closed,Fraud Engineering,Customers reporting failed checkout,"Customers say payment spins and then fails, and a retry usually works on the second attempt.","Expired certificate on the acquirer link. Renewed and redeployed, success rate normalised.",5.2
INC-2026-04305,2026-03-30T23:30,Maritime,MV Havbris,Navigation display,ERR-2203,Medium,Resolved,Rotating Equipment,Console blanking intermittently,"Goes black for a moment, then paints itself back in as if nothing happened.","Loose display cable at the bulkhead connector. Reseated and secured, no further dropouts.",4.6
INC-2026-04207,2026-04-29T08:15,Payments,Gateway North,Card authorisation,ERR-4001,Critical,Resolved,Payments Platform,Customers reporting failed checkout,"Customers say payment spins and then fails, and a retry usually works on the second attempt.",Upstream acquirer degraded. Failed over to the secondary route and rates recovered immediately.,2.6
INC-2026-04066,2026-07-21T04:30,Retail,Store 022 Trondheim,Receipt printer,ERR-6250,Low,Resolved,Logistics,Receipt printer not responding,"Nothing comes out at all, though the terminal reports the sale completed.",Paper sensor dirty and reporting empty. Cleaned and recalibrated.,4.5
INC-2026-04653,2026-04-18T20:00,Energy,Substation Rong,SCADA link,ERR-3310,High,Resolved,SCADA,SCADA polling timeouts overnight,The site went quiet. Nothing came in until it suddenly caught up in one burst.,Radio link degraded by weather. Repointed the antenna and improved the margin.,5.8
INC-2026-04408,2026-03-20T17:15,Maritime,MV Bergen Star,Fuel system,ERR-5140,High,Closed,Bridge Systems,Auxiliary engine losing power intermittently,"Pressure reading swings up and down rather than holding steady, and the engine surges slightly with it.",Fuel filter partially blocked. Replaced the element and bled the system.,4.0
INC-2026-04343,2026-05-15T05:45,Energy,Substation Fana,Transformer cooling,ERR-7744,High,Resolved,Substation Field,Overtemperature warning during evening peak,"It is noticeably warmer to stand next to than the one beside it, carrying the same current.",Radiator fins heavily fouled. Cleaned and flushed to restore rated cooling capacity.,10.0
INC-2026-04543,2026-08-14T14:00,Payments,Gateway West,Card authorisation,ERR-4001,High,Resolved,Core Banking,Customers reporting failed checkout,Support is fielding complaints that the payment page hangs and then gives up.,Upstream acquirer degraded. Failed over to the secondary route and rates recovered immediately.,0.7
INC-2026-04935,2026-07-14T22:00,Payments,Gateway West,Settlement batch,ERR-4310,High,Closed,Core Banking,End of day batch did not complete,The run failed silently and was only noticed when the morning figures did not balance.,Trailing record count mismatch caused by a duplicated entry. Deduplicated and resubmitted.,8.8
INC-2026-04294,2026-04-24T21:00,Payments,Gateway Core,Card authorisation,ERR-4001,High,Resolved,Payments Platform,Authorisation success rate dropped,"A fifth of attempts are bouncing back, where it is normally a rounding error.",Connection pool exhausted after a traffic spike. Raised the pool size and added backpressure.,6.0
INC-2026-04502,2026-04-06T20:15,Retail,Store 031 Bergen,Point of sale,ERR-6205,Low,Resolved,Logistics,Checkout terminal restarting unexpectedly,Freezes solid with a customer standing there and the basket half scanned.,Thermal shutdown from blocked vents behind the counter. Relocated and cleaned.,6.7
INC-2026-04099,2026-07-29T11:00,Retail,DC Larvik,Point of sale,ERR-6205,Medium,Closed,E-commerce,Lane out of service at peak,Terminal locks solid mid transaction when the queue is long and staff have to restart it.,Thermal shutdown from blocked vents behind the counter. Relocated and cleaned.,2.8
INC-2026-04927,2026-06-09T15:00,Retail,DC Vestby,Inventory sync,ERR-6410,High,In Progress,Logistics,Counts disagree between systems,What the system believes is in the building bears no relation to what is in the building.,,
INC-2026-04238,2026-07-15T12:30,Payments,Scoring Cluster A,Fraud scoring,ERR-4102,Medium,Resolved,Payments Platform,Fraud model scoring slowly,Genuine customers are being stopped at a rate we have not seen before.,Feature store query missing an index after a schema change. Index rebuilt and latency recovered.,16.6
INC-2026-04101,2026-06-12T23:15,Maritime,MV Storfjord,Navigation display,ERR-2203,Low,Closed,Rotating Equipment,Chart display freezing on bridge console,"Screen locks up for around thirty seconds then returns on its own, several times per watch.",Failing power supply in the console. Replaced the unit and monitored for a full watch.,5.2
INC-2026-04151,2026-02-09T00:00,Retail,Store 022 Trondheim,Inventory sync,ERR-6410,Low,Resolved,Logistics,Online availability showing items that are sold out,"The website is offering products the shelf does not actually have, and customers arrive to collect nothing.",Message queue backed up behind a poison message. Removed it and replayed the remainder.,4.8
INC-2026-04102,2026-06-01T04:30,Maritime,MV Kvitøy,Fuel system,ERR-5140,High,Resolved,Bridge Systems,Uneven running on auxiliary engine,"Output is uneven under steady demand, with no alarm raised.",Lift pump diaphragm perished. Renewed the pump and confirmed steady supply pressure.,5.1
INC-2026-04937,2026-08-02T22:00,Maritime,MV Storfjord,Fuel system,ERR-5140,Medium,Resolved,Rotating Equipment,Auxiliary engine losing power intermittently,"Brief hesitation every so often, as though it is starving for a moment and then catching again.",Fuel filter partially blocked. Replaced the element and bled the system.,2.5
INC-2026-04111,2026-08-20T06:00,Retail,Store 031 Bergen,Receipt printer,ERR-6250,Low,Resolved,E-commerce,No receipt at end of transaction,Printer stops halfway through and the sale has to be voided and rerun.,Worn feed roller slipping under load. Replaced the roller assembly.,1.4
INC-2026-04020,2026-07-19T15:45,Energy,Substation Fana,Transformer cooling,ERR-7744,High,Resolved,SCADA,Transformer temperature trending high,Thermal margin has been shrinking week on week and nobody can point at a cause.,Radiator fins heavily fouled. Cleaned and flushed to restore rated cooling capacity.,8.6
INC-2026-04730,2026-05-11T10:45,Maritime,MV Kvitøy,Navigation display,ERR-2203,Medium,Resolved,Hull & Deck,Console blanking intermittently,"Image stalls and the vessel symbol stops moving, though position is clearly still changing.",Failing power supply in the console. Replaced the unit and monitored for a full watch.,5.0
INC-2026-04802,2026-01-08T20:30,Payments,Gateway Core,Fraud scoring,ERR-4102,Medium,Resolved,Core Banking,False positives spiking on new rule,The model is taking its time. What used to be instant now has a noticeable wait.,Stale model artefact loaded on two nodes. Redeployed the correct version across the cluster.,7.6
INC-2026-04211,2026-05-31T10:00,Payments,Scoring Cluster A,Fraud scoring,ERR-4102,High,Resolved,Payments Platform,False positives spiking on new rule,Genuine customers are being stopped at a rate we have not seen before.,Feature store query missing an index after a schema change. Index rebuilt and latency recovered.,7.6
INC-2026-04120,2026-02-28T14:15,Maritime,MV Nordlys,Navigation display,ERR-2203,Medium,Resolved,Bridge Systems,Console blanking intermittently,"Unit drops out briefly two or three times a watch, always without an alarm.",Failing power supply in the console. Replaced the unit and monitored for a full watch.,7.5
INC-2026-04522,2026-04-16T16:00,Payments,Gateway Core,Fraud scoring,ERR-4102,High,Resolved,Payments Platform,Review queue backing up,Scoring calls take several seconds where they normally return almost instantly.,Feature store query missing an index after a schema change. Index rebuilt and latency recovered.,15.8
INC-2026-04114,2026-05-06T16:15,Retail,Store 022 Trondheim,Point of sale,ERR-6205,High,Resolved,E-commerce,Lane out of service at peak,"Cuts out repeatedly once the shop fills up, never when it is quiet.",Faulty power supply under load. Replaced the unit with no repeat over the following week.,2.3
INC-2026-04461,2026-03-02T00:30,Payments,Gateway West,Fraud scoring,ERR-4102,High,Resolved,Payments Platform,Fraud model scoring slowly,Far more legitimate transactions are being held for review than usual since yesterday.,Feature store query missing an index after a schema change. Index rebuilt and latency recovered.,15.2
INC-2026-04220,2026-05-31T18:45,Retail,DC Larvik,Receipt printer,ERR-6250,Medium,Resolved,Logistics,Printing stops partway through a sale,Staff hand over a torn stub because the machine quit in the middle of it.,Paper sensor dirty and reporting empty. Cleaned and recalibrated.,3.1
INC-2026-04167,2026-08-04T01:30,Maritime,MV Storfjord,Navigation display,ERR-2203,Low,Resolved,Rotating Equipment,Console blanking intermittently,Picture freezes mid update. Everything else on the bridge carries on as normal.,"Loose display cable at the bulkhead connector. Reseated and secured, no further dropouts.",5.5
INC-2026-04898,2026-05-09T23:15,Payments,Gateway West,Card authorisation,ERR-4001,High,Resolved,Fraud Engineering,Authorisation success rate dropped,People are being refused at the final step even though their cards are perfectly good.,Upstream acquirer degraded. Failed over to the secondary route and rates recovered immediately.,4.5
INC-2026-04838,2026-05-20T03:00,Retail,Store 014 Oslo,Receipt printer,ERR-6250,Medium,Closed,Store Systems,Receipt printer not responding,No paper comes through even though everything else about the sale worked.,Worn feed roller slipping under load. Replaced the roller assembly.,1.8
INC-2026-04203,2026-06-01T05:00,Payments,Gateway West,Fraud scoring,ERR-4102,High,Closed,Fraud Engineering,Review queue backing up,Analysts are drowning in referrals that turn out to be perfectly ordinary purchases.,Threshold misconfigured during deployment. Corrected and validated against the holdout set.,6.2
INC-2026-04096,2026-02-22T15:45,Maritime,MV Bergen Star,Fuel system,ERR-5140,High,Resolved,Hull & Deck,Uneven running on auxiliary engine,Gauge will not settle. It wanders either side of where it should sit.,Lift pump diaphragm perished. Renewed the pump and confirmed steady supply pressure.,2.5
INC-2026-04200,2026-02-07T16:45,Energy,Substation Kollsnes,Transformer cooling,ERR-7744,High,Resolved,SCADA,Transformer temperature trending high,Unit runs hotter than the others on the same bus under identical load.,"Two cooling fans had failed. Replaced both, temperature returned to its normal profile within the hour.",21.6
INC-2026-04452,2026-06-26T18:45,Retail,Store 031 Bergen,Point of sale,ERR-6205,Medium,Resolved,Store Systems,Lane out of service at peak,Freezes solid with a customer standing there and the basket half scanned.,Failing memory module. Swapped the board and soak tested through a full trading day.,6.7
INC-2026-04026,2026-06-22T06:15,Energy,Substation Ålgård,Protection relay,ERR-7120,Critical,Resolved,Substation Field,Relay operated with no fault found,"Came out for no reason anyone can establish, reclosed first time and has behaved since.",Current transformer wiring reversed on one phase after maintenance. Corrected and tested.,6.3
INC-2026-04091,2026-08-24T20:30,Payments,Gateway North,Card authorisation,ERR-4001,Critical,Resolved,Core Banking,Elevated decline rate on card payments,Success rate dropped from its usual level to around eighty percent over about ten minutes.,"Expired certificate on the acquirer link. Renewed and redeployed, success rate normalised.",3.5
INC-2026-04272,2026-06-07T05:45,Energy,Substation Rong,Transformer cooling,ERR-7744,High,Resolved,Substation Field,Unit running warmer than its neighbours,"It is noticeably warmer to stand next to than the one beside it, carrying the same current.",Blocked airflow from vegetation growth against the enclosure. Cleared and trimmed back.,18.4
INC-2026-04457,2026-08-17T16:45,Maritime,MV Nordlys,Fuel system,ERR-5140,High,In Progress,Hull & Deck,Auxiliary engine losing power intermittently,"Watch reports the machine hunting at constant load, never quite holding a figure.",,
INC-2026-04913,2026-03-16T16:30,Retail,DC Larvik,Inventory sync,ERR-6410,Low,Resolved,E-commerce,Counts disagree between systems,"Figures are a day behind, so every decision this morning was made on yesterday's picture.",Clock skew between systems caused updates to be discarded as out of order. Corrected NTP.,5.7
INC-2026-04332,2026-07-15T16:15,Maritime,MV Nordlys,Fuel system,ERR-5140,Medium,Resolved,Bridge Systems,Fuel pressure fluctuating on auxiliary engine,"Brief hesitation every so often, as though it is starving for a moment and then catching again.",Air ingress at a loose union on the suction side. Tightened and pressure tested.,5.8
INC-2026-04995,2026-03-06T16:00,Energy,Substation Rong,Transformer cooling,ERR-7744,High,Resolved,SCADA,Overtemperature warning during evening peak,Unit runs hotter than the others on the same bus under identical load.,"Two cooling fans had failed. Replaced both, temperature returned to its normal profile within the hour.",12.2
INC-2026-04945,2026-03-03T02:15,Retail,Store 022 Trondheim,Inventory sync,ERR-6410,High,Resolved,E-commerce,Stock levels out of step with warehouse,What the system believes is in the building bears no relation to what is in the building.,"Sync job failing silently on malformed records. Added validation and alerting, then reprocessed the backlog.",18.6
INC-2026-04621,2026-06-10T08:00,Retail,Store 014 Oslo,Receipt printer,ERR-6250,Low,Resolved,Logistics,Receipt printer not responding,Printer stops halfway through and the sale has to be voided and rerun.,Paper sensor dirty and reporting empty. Cleaned and recalibrated.,4.3
INC-2026-04454,2026-02-28T00:30,Payments,Gateway North,Fraud scoring,ERR-4102,Medium,Resolved,Payments Platform,Review queue backing up,Response times have crept up to the point where the checkout feels sluggish.,Feature store query missing an index after a schema change. Index rebuilt and latency recovered.,13.0
INC-2026-04940,2026-06-04T20:00,Maritime,MV Nordlys,Fuel system,ERR-5140,High,In Progress,Hull & Deck,Auxiliary engine losing power intermittently,"Output is uneven under steady demand, with no alarm raised.",,
INC-2026-04769,2026-08-25T01:00,Maritime,MV Kvitøy,Fuel system,ERR-5140,High,Closed,Bridge Systems,Fuel pressure fluctuating on auxiliary engine,Engine drops revs briefly every few minutes then recovers on its own.,Air ingress at a loose union on the suction side. Tightened and pressure tested.,5.2
INC-2026-04521,2026-06-22T16:00,Payments,Scoring Cluster A,Card authorisation,ERR-4001,High,Resolved,Payments Platform,Authorisation success rate dropped,"A fifth of attempts are bouncing back, where it is normally a rounding error.",Connection pool exhausted after a traffic spike. Raised the pool size and added backpressure.,2.9
INC-2026-04773,2026-05-01T05:30,Energy,Substation Fana,Transformer cooling,ERR-7744,High,Resolved,Substation Field,Transformer temperature trending high,"Gradual rise on the trend, small each day, obvious across a month.","Two cooling fans had failed. Replaced both, temperature returned to its normal profile within the hour.",7.4
INC-2026-04851,2026-08-22T05:15,Retail,Store 031 Bergen,Receipt printer,ERR-6250,Medium,Resolved,Store Systems,Receipt printer not responding,Printer stops halfway through and the sale has to be voided and rerun.,Printer driver incompatible with the latest POS release. Rolled back the driver.,1.9
INC-2026-04423,2026-02-21T22:30,Payments,Gateway North,Fraud scoring,ERR-4102,High,Resolved,Core Banking,False positives spiking on new rule,Far more legitimate transactions are being held for review than usual since yesterday.,Threshold misconfigured during deployment. Corrected and validated against the holdout set.,13.3
INC-2026-04129,2026-05-13T02:45,Energy,Substation Kollsnes,SCADA link,ERR-3310,High,Resolved,SCADA,Outstation dropping off the system,Trend shows holes in the record overnight that filled themselves in by morning.,Polling interval too aggressive after a config change. Reverted to the previous setting.,1.7
INC-2026-04042,2026-03-12T06:30,Retail,Store 014 Oslo,Point of sale,ERR-6205,Medium,Resolved,E-commerce,Till freezing during busy period,"Goes down on its own without anyone touching it, then comes back a minute later.",Failing memory module. Swapped the board and soak tested through a full trading day.,5.0
INC-2026-04480,2026-07-03T03:45,Payments,Gateway North,Fraud scoring,ERR-4102,High,Closed,Core Banking,Review queue backing up,The model is taking its time. What used to be instant now has a noticeable wait.,Stale model artefact loaded on two nodes. Redeployed the correct version across the cluster.,6.8
INC-2026-04918,2026-07-15T11:45,Maritime,MV Bergen Star,Navigation display,ERR-2203,High,Resolved,Bridge Systems,Console blanking intermittently,"Unit drops out briefly two or three times a watch, always without an alarm.",Firmware defect in the chart renderer. Applied vendor patch 4.2.1.,5.5
INC-2026-04748,2026-07-31T00:30,Energy,Substation Kollsnes,SCADA link,ERR-3310,Medium,Resolved,Grid Operations,Telemetry gap from remote site,"Nothing reported in from that location for a stretch, with no alarm to say why.",Radio link degraded by weather. Repointed the antenna and improved the margin.,3.0
INC-2026-04510,2026-02-21T20:30,Payments,Gateway North,Settlement batch,ERR-4310,Medium,Resolved,Core Banking,Daily reconciliation out by a file,Submission bounced. The totals at the end of it did not agree with the body.,Downstream schema change not applied in our mapping. Updated the mapping and reran.,7.7
INC-2026-04746,2026-01-18T11:15,Energy,Substation Fana,Transformer cooling,ERR-7744,High,Resolved,Substation Field,Unit running warmer than its neighbours,"Gradual rise on the trend, small each day, obvious across a month.",Blocked airflow from vegetation growth against the enclosure. Cleared and trimmed back.,22.6
INC-2026-04977,2026-01-13T23:00,Payments,Scoring Cluster A,Fraud scoring,ERR-4102,Medium,Resolved,Core Banking,Review queue backing up,Scoring calls take several seconds where they normally return almost instantly.,Stale model artefact loaded on two nodes. Redeployed the correct version across the cluster.,9.3
INC-2026-04682,2026-06-05T03:45,Energy,Substation Fana,SCADA link,ERR-3310,Medium,Resolved,Grid Operations,SCADA polling timeouts overnight,Trend shows holes in the record overnight that filled themselves in by morning.,Radio link degraded by weather. Repointed the antenna and improved the margin.,1.8
INC-2026-04632,2026-07-17T17:15,Energy,Substation Fana,Transformer cooling,ERR-7744,Medium,Resolved,Grid Operations,Overtemperature warning during evening peak,"Gradual rise on the trend, small each day, obvious across a month.",Radiator fins heavily fouled. Cleaned and flushed to restore rated cooling capacity.,22.1
INC-2026-04376,2026-09-06T22:15,Energy,Substation Ålgård,SCADA link,ERR-3310,Low,Resolved,SCADA,Telemetry gap from remote site,"Values freeze at their last figure, then jump to current once contact returns.",Radio link degraded by weather. Repointed the antenna and improved the margin.,5.2
INC-2026-04553,2026-07-04T17:30,Maritime,MV Havbris,Fuel system,ERR-5140,Medium,In Progress,Rotating Equipment,Auxiliary engine losing power intermittently,Gauge will not settle. It wanders either side of where it should sit.,,
INC-2026-04215,2026-04-17T20:00,Energy,Substation Kollsnes,SCADA link,ERR-3310,High,Resolved,Substation Field,Telemetry gap from remote site,"Nothing reported in from that location for a stretch, with no alarm to say why.",Polling interval too aggressive after a config change. Reverted to the previous setting.,5.4
INC-2026-04496,2026-05-04T18:00,Retail,Store 022 Trondheim,Receipt printer,ERR-6250,Medium,Closed,Store Systems,Receipt printer not responding,No paper comes through even though everything else about the sale worked.,Worn feed roller slipping under load. Replaced the roller assembly.,0.6
INC-2026-04708,2026-07-18T07:00,Payments,Gateway Core,Fraud scoring,ERR-4102,Medium,Resolved,Payments Platform,Fraud model scoring slowly,Scoring calls take several seconds where they normally return almost instantly.,Stale model artefact loaded on two nodes. Redeployed the correct version across the cluster.,14.2
INC-2026-04134,2026-02-07T06:15,Maritime,MV Storfjord,Navigation display,ERR-2203,Medium,Resolved,Bridge Systems,Console blanking intermittently,"Unit drops out briefly two or three times a watch, always without an alarm.","Loose display cable at the bulkhead connector. Reseated and secured, no further dropouts.",4.0
INC-2026-04159,2026-05-16T15:30,Energy,Substation Kollsnes,SCADA link,ERR-3310,High,Closed,Grid Operations,Telemetry gap from remote site,Data stopped arriving during the night shift and backfilled automatically once the link recovered.,Radio link degraded by weather. Repointed the antenna and improved the margin.,12.0
INC-2026-04074,2026-06-03T19:00,Payments,Gateway Core,Card authorisation,ERR-4001,High,Resolved,Core Banking,Customers reporting failed checkout,Volume looks normal but far fewer of them are completing than they should.,Upstream acquirer degraded. Failed over to the secondary route and rates recovered immediately.,2.7
INC-2026-04610,2026-06-07T03:15,Payments,Gateway North,Card authorisation,ERR-4001,High,Resolved,Payments Platform,Customers reporting failed checkout,"A fifth of attempts are bouncing back, where it is normally a rounding error.","Expired certificate on the acquirer link. Renewed and redeployed, success rate normalised.",0.8
INC-2026-04588,2026-08-07T01:30,Maritime,MV Storfjord,Fuel system,ERR-5140,Medium,Resolved,Rotating Equipment,Uneven running on auxiliary engine,"Pressure reading swings up and down rather than holding steady, and the engine surges slightly with it.",Lift pump diaphragm perished. Renewed the pump and confirmed steady supply pressure.,9.8
INC-2026-04670,2026-06-06T09:45,Maritime,MV Kvitøy,Bearing assembly,ERR-5012,High,Resolved,Bridge Systems,Main pump noisy at high output,The mounting feels alive under your hand when the machine is worked hard.,Worn bearing races found on strip down. Renewed both bearings and rechecked alignment cold and hot.,7.9
INC-2026-04419,2026-02-01T05:45,Payments,Gateway North,Card authorisation,ERR-4001,Critical,Resolved,Fraud Engineering,Customers reporting failed checkout,People are being refused at the final step even though their cards are perfectly good.,Upstream acquirer degraded. Failed over to the secondary route and rates recovered immediately.,0.9
INC-2026-04357,2026-06-18T17:00,Energy,Substation Ålgård,SCADA link,ERR-3310,Low,Closed,Substation Field,Telemetry gap from remote site,"Intermittent loss of contact with the outstation, several short gaps through the evening.",Polling interval too aggressive after a config change. Reverted to the previous setting.,1.4
INC-2026-04417,2026-01-17T19:00,Maritime,MV Nordlys,Navigation display,ERR-2203,Low,Resolved,Hull & Deck,Chart display freezing on bridge console,"Image stalls and the vessel symbol stops moving, though position is clearly still changing.","Loose display cable at the bulkhead connector. Reseated and secured, no further dropouts.",7.5
INC-2026-04011,2026-04-26T13:45,Retail,Store 022 Trondheim,Receipt printer,ERR-6250,Medium,Resolved,Logistics,Printing stops partway through a sale,Printer stops halfway through and the sale has to be voided and rerun.,Printer driver incompatible with the latest POS release. Rolled back the driver.,1.5
INC-2026-04221,2026-04-03T16:15,Payments,Gateway Core,Fraud scoring,ERR-4102,Low,Resolved,Fraud Engineering,Fraud model scoring slowly,Response times have crept up to the point where the checkout feels sluggish.,Feature store query missing an index after a schema change. Index rebuilt and latency recovered.,7.3
INC-2026-04823,2026-02-05T20:15,Maritime,MV Nordlys,Fuel system,ERR-5140,Medium,Resolved,Rotating Equipment,Auxiliary engine losing power intermittently,Reading is restless. It never sits still long enough to take a proper number off it.,Lift pump diaphragm perished. Renewed the pump and confirmed steady supply pressure.,8.3
INC-2026-04057,2026-08-27T07:15,Payments,Scoring Cluster A,Fraud scoring,ERR-4102,High,Resolved,Fraud Engineering,False positives spiking on new rule,Analysts are drowning in referrals that turn out to be perfectly ordinary purchases.,Stale model artefact loaded on two nodes. Redeployed the correct version across the cluster.,8.7
INC-2026-04743,2026-07-08T14:45,Maritime,MV Nordlys,Navigation display,ERR-2203,High,In Progress,Bridge Systems,Console blanking intermittently,"Goes black for a moment, then paints itself back in as if nothing happened.",,
INC-2026-04284,2026-01-25T00:45,Maritime,MV Havbris,Fuel system,ERR-5140,High,Resolved,Hull & Deck,Auxiliary engine losing power intermittently,Gauge will not settle. It wanders either side of where it should sit.,Fuel filter partially blocked. Replaced the element and bled the system.,8.0
INC-2026-04364,2026-05-04T19:45,Energy,Substation Rong,Protection relay,ERR-7120,High,Resolved,SCADA,Relay operated with no fault found,"Feeder tripped out with nothing obvious on the line, and supply was restored manually after inspection.",Relay setting group left on the commissioning profile. Restored operational settings.,14.8
INC-2026-04966,2026-01-14T12:30,Maritime,MV Kvitøy,Fuel system,ERR-5140,High,Resolved,Hull & Deck,Auxiliary engine losing power intermittently,Engine drops revs briefly every few minutes then recovers on its own.,Fuel filter partially blocked. Replaced the element and bled the system.,5.2
INC-2026-04384,2026-08-17T13:45,Energy,Substation Ålgård,Transformer cooling,ERR-7744,Medium,Resolved,Grid Operations,Unit running warmer than its neighbours,Temperature creeping up over several days with no change in demand to explain it.,Blocked airflow from vegetation growth against the enclosure. Cleared and trimmed back.,20.4
INC-2026-04107,2026-01-27T01:00,Retail,DC Larvik,Inventory sync,ERR-6410,Medium,Resolved,Logistics,Counts disagree between systems,Customers are ordering items that ran out before the order was even placed.,"Sync job failing silently on malformed records. Added validation and alerting, then reprocessed the backlog.",13.0
INC-2026-04810,2026-07-05T00:00,Energy,Substation Ålgård,SCADA link,ERR-3310,Medium,Resolved,Grid Operations,Telemetry gap from remote site,We lose sight of it for minutes at a time and then it is back as though nothing happened.,Radio link degraded by weather. Repointed the antenna and improved the margin.,5.8
INC-2026-04209,2026-06-20T23:15,Payments,Gateway West,Settlement batch,ERR-4310,High,Closed,Core Banking,End of day batch did not complete,"Nothing settled last night, and the counterparty has not received anything from us.","Disk exhausted on the batch host mid write. Cleared space, added an alert and reran cleanly.",13.1
INC-2026-04835,2026-01-06T14:00,Payments,Gateway North,Card authorisation,ERR-4001,High,Resolved,Core Banking,Customers reporting failed checkout,People are being refused at the final step even though their cards are perfectly good.,Upstream acquirer degraded. Failed over to the secondary route and rates recovered immediately.,3.9
INC-2026-04279,2026-09-07T22:30,Payments,Scoring Cluster A,Fraud scoring,ERR-4102,Medium,Resolved,Payments Platform,Review queue backing up,The model is taking its time. What used to be instant now has a noticeable wait.,Feature store query missing an index after a schema change. Index rebuilt and latency recovered.,12.3
INC-2026-04506,2026-04-26T02:15,Payments,Scoring Cluster A,Card authorisation,ERR-4001,High,Resolved,Payments Platform,Customers reporting failed checkout,Success rate dropped from its usual level to around eighty percent over about ten minutes.,"Expired certificate on the acquirer link. Renewed and redeployed, success rate normalised.",4.8
INC-2026-04967,2026-05-15T22:45,Maritime,MV Nordlys,Navigation display,ERR-2203,High,Closed,Bridge Systems,Chart display freezing on bridge console,Picture freezes mid update. Everything else on the bridge carries on as normal.,"Loose display cable at the bulkhead connector. Reseated and secured, no further dropouts.",1.5
INC-2026-04163,2026-06-04T19:15,Payments,Scoring Cluster A,Fraud scoring,ERR-4102,High,Resolved,Core Banking,False positives spiking on new rule,Response times have crept up to the point where the checkout feels sluggish.,Stale model artefact loaded on two nodes. Redeployed the correct version across the cluster.,10.6
INC-2026-04353,2026-06-06T13:45,Energy,Substation Kollsnes,Transformer cooling,ERR-7744,High,Resolved,Substation Field,Transformer temperature trending high,Temperature creeping up over several days with no change in demand to explain it.,Radiator fins heavily fouled. Cleaned and flushed to restore rated cooling capacity.,6.5
INC-2026-04276,2026-05-12T10:15,Energy,Substation Fana,SCADA link,ERR-3310,Medium,Resolved,Grid Operations,Telemetry gap from remote site,"Intermittent loss of contact with the outstation, several short gaps through the evening.",Failing media converter at the site end. Swapped the unit and the gaps stopped.,8.7
INC-2026-04080,2026-06-09T19:30,Energy,Substation Kollsnes,Transformer cooling,ERR-7744,High,Resolved,Substation Field,Unit running warmer than its neighbours,Unit runs hotter than the others on the same bus under identical load.,"Two cooling fans had failed. Replaced both, temperature returned to its normal profile within the hour.",22.7
INC-2026-04371,2026-06-26T14:45,Payments,Gateway West,Card authorisation,ERR-4001,High,Closed,Payments Platform,Elevated decline rate on card payments,Success rate dropped from its usual level to around eighty percent over about ten minutes.,Connection pool exhausted after a traffic spike. Raised the pool size and added backpressure.,1.3
INC-2026-04688,2026-07-26T15:15,Energy,Substation Ålgård,Transformer cooling,ERR-7744,Critical,Resolved,Substation Field,Unit running warmer than its neighbours,"It is noticeably warmer to stand next to than the one beside it, carrying the same current.","Two cooling fans had failed. Replaced both, temperature returned to its normal profile within the hour.",21.7
INC-2026-04645,2026-04-06T14:45,Retail,Store 031 Bergen,Point of sale,ERR-6205,Medium,Resolved,Logistics,Lane out of service at peak,Screen stops accepting input at the worst moment and the sale has to be started again.,Faulty power supply under load. Replaced the unit with no repeat over the following week.,7.3
INC-2026-04143,2026-06-28T18:15,Energy,Substation Fana,Transformer cooling,ERR-7744,High,Closed,Grid Operations,Overtemperature warning during evening peak,Unit runs hotter than the others on the same bus under identical load.,Blocked airflow from vegetation growth against the enclosure. Cleared and trimmed back.,11.5
INC-2026-04845,2026-04-22T16:00,Maritime,MV Bergen Star,Navigation display,ERR-2203,High,Resolved,Rotating Equipment,Bridge display unresponsive during watch,"Unit drops out briefly two or three times a watch, always without an alarm.",Failing power supply in the console. Replaced the unit and monitored for a full watch.,3.8
INC-2026-04045,2026-07-24T00:15,Retail,Store 022 Trondheim,Inventory sync,ERR-6410,High,Resolved,E-commerce,Counts disagree between systems,"The website is offering products the shelf does not actually have, and customers arrive to collect nothing.","Sync job failing silently on malformed records. Added validation and alerting, then reprocessed the backlog.",19.7
INC-2026-04760,2026-05-29T01:00,Maritime,MV Bergen Star,Fuel system,ERR-5140,High,Resolved,Hull & Deck,Fuel pressure fluctuating on auxiliary engine,Engine drops revs briefly every few minutes then recovers on its own.,Fuel filter partially blocked. Replaced the element and bled the system.,8.5
INC-2026-04859,2026-07-13T17:00,Maritime,MV Kvitøy,Fuel system,ERR-5140,Medium,Resolved,Bridge Systems,Fuel pressure fluctuating on auxiliary engine,"Output is uneven under steady demand, with no alarm raised.",Air ingress at a loose union on the suction side. Tightened and pressure tested.,3.9
INC-2026-04540,2026-07-12T23:45,Payments,Gateway Core,Card authorisation,ERR-4001,Critical,Resolved,Fraud Engineering,Elevated decline rate on card payments,"Customers say payment spins and then fails, and a retry usually works on the second attempt.",Connection pool exhausted after a traffic spike. Raised the pool size and added backpressure.,1.0
INC-2026-04451,2026-02-01T08:00,Retail,Store 031 Bergen,Point of sale,ERR-6205,Medium,Resolved,Store Systems,Till freezing during busy period,Terminal locks solid mid transaction when the queue is long and staff have to restart it.,Failing memory module. Swapped the board and soak tested through a full trading day.,2.8
INC-2026-04554,2026-07-26T02:00,Retail,DC Vestby,Inventory sync,ERR-6410,Medium,Resolved,Store Systems,Online availability showing items that are sold out,"Figures are a day behind, so every decision this morning was made on yesterday's picture.",Message queue backed up behind a poison message. Removed it and replayed the remainder.,15.2
INC-2026-04686,2026-01-23T08:45,Energy,Substation Kollsnes,Protection relay,ERR-7120,Critical,In Progress,Grid Operations,Feeder lost supply without cause,"Came out for no reason anyone can establish, reclosed first time and has behaved since.",,
INC-2026-04075,2026-06-22T04:00,Maritime,MV Storfjord,Bearing assembly,ERR-5012,High,Resolved,Rotating Equipment,Main pump noisy at high output,"Duty watch logged heavy oscillation on the unit at full output, quiet again once throttled.","Bearing clearance out of tolerance. Replaced bearing set and re-aligned coupling, vibration back within limits.",18.6
INC-2026-04826,2026-04-02T12:00,Retail,DC Larvik,Point of sale,ERR-6205,Medium,Resolved,E-commerce,Checkout terminal restarting unexpectedly,Freezes solid with a customer standing there and the basket half scanned.,Failing memory module. Swapped the board and soak tested through a full trading day.,2.0
INC-2026-04025,2026-09-13T10:00,Retail,Store 014 Oslo,Inventory sync,ERR-6410,Medium,Resolved,Store Systems,Counts disagree between systems,"The website is offering products the shelf does not actually have, and customers arrive to collect nothing.",Message queue backed up behind a poison message. Removed it and replayed the remainder.,8.7
INC-2026-04814,2026-03-10T16:30,Payments,Gateway West,Fraud scoring,ERR-4102,High,Closed,Fraud Engineering,Review queue backing up,Analysts are drowning in referrals that turn out to be perfectly ordinary purchases.,Threshold misconfigured during deployment. Corrected and validated against the holdout set.,16.7
INC-2026-04462,2026-06-20T11:30,Retail,DC Larvik,Receipt printer,ERR-6250,Medium,Closed,E-commerce,Receipt printer not responding,It produces the top of the receipt and then simply stops.,Worn feed roller slipping under load. Replaced the roller assembly.,4.0
INC-2026-04347,2026-08-30T00:30,Maritime,MV Bergen Star,Navigation display,ERR-2203,Medium,Resolved,Rotating Equipment,Bridge display unresponsive during watch,"Goes black for a moment, then paints itself back in as if nothing happened.",Failing power supply in the console. Replaced the unit and monitored for a full watch.,6.8
INC-2026-04466,2026-06-26T15:45,Retail,Store 031 Bergen,Point of sale,ERR-6205,Medium,Resolved,Store Systems,Checkout terminal restarting unexpectedly,"Unit reboots by itself a few times a day, always around the busiest hours.",Failing memory module. Swapped the board and soak tested through a full trading day.,7.7
INC-2026-04008,2026-07-17T03:15,Retail,Store 022 Trondheim,Receipt printer,ERR-6250,Medium,Resolved,Store Systems,Printing stops partway through a sale,"Nothing comes out at all, though the terminal reports the sale completed.",Printer driver incompatible with the latest POS release. Rolled back the driver.,2.8
INC-2026-04933,2026-03-23T15:00,Retail,DC Vestby,Receipt printer,ERR-6250,Medium,Resolved,Store Systems,Receipt printer not responding,Printer stops halfway through and the sale has to be voided and rerun.,Printer driver incompatible with the latest POS release. Rolled back the driver.,1.9
INC-2026-04628,2026-07-07T21:30,Retail,Store 014 Oslo,Receipt printer,ERR-6250,Low,Resolved,Store Systems,No receipt at end of transaction,Staff hand over a torn stub because the machine quit in the middle of it.,Printer driver incompatible with the latest POS release. Rolled back the driver.,3.3
INC-2026-04051,2026-07-02T02:45,Retail,Store 022 Trondheim,Inventory sync,ERR-6410,High,Resolved,Logistics,Counts disagree between systems,Numbers on screen and numbers on the rack are two different stories.,Clock skew between systems caused updates to be discarded as out of order. Corrected NTP.,7.9
INC-2026-04125,2026-02-03T04:45,Payments,Gateway West,Fraud scoring,ERR-4102,Low,Resolved,Payments Platform,False positives spiking on new rule,"Overnight job still running well into the morning, leaving downstream reports delayed.",Stale model artefact loaded on two nodes. Redeployed the correct version across the cluster.,3.3
INC-2026-04674,2026-09-06T23:30,Energy,Substation Fana,Transformer cooling,ERR-7744,High,Resolved,Substation Field,Transformer temperature trending high,"Sits several degrees above where it has historically run, with load unchanged.",Radiator fins heavily fouled. Cleaned and flushed to restore rated cooling capacity.,17.2
INC-2026-04110,2026-09-09T10:15,Energy,Substation Fana,Transformer cooling,ERR-7744,High,Resolved,Grid Operations,Unit running warmer than its neighbours,"Gradual rise on the trend, small each day, obvious across a month.","Two cooling fans had failed. Replaced both, temperature returned to its normal profile within the hour.",19.4
INC-2026-04255,2026-09-05T10:15,Maritime,MV Havbris,Fuel system,ERR-5140,Medium,Resolved,Bridge Systems,Auxiliary engine losing power intermittently,Power dips away and returns without anyone touching the controls.,Air ingress at a loose union on the suction side. Tightened and pressure tested.,7.9
INC-2026-04944,2026-07-27T09:45,Retail,Store 014 Oslo,Point of sale,ERR-6205,Low,Resolved,E-commerce,Checkout terminal restarting unexpectedly,Staff lose the lane completely and have to move the queue to the next one.,Failing memory module. Swapped the board and soak tested through a full trading day.,3.9
INC-2026-04665,2026-06-12T10:30,Retail,DC Vestby,Receipt printer,ERR-6250,Low,In Progress,Logistics,No receipt at end of transaction,It produces the top of the receipt and then simply stops.,,
INC-2026-04915,2026-07-14T02:45,Energy,Substation Ålgård,SCADA link,ERR-3310,High,Closed,SCADA,SCADA polling timeouts overnight,"Intermittent loss of contact with the outstation, several short gaps through the evening.",Polling interval too aggressive after a config change. Reverted to the previous setting.,6.0
INC-2026-04442,2026-07-16T06:45,Retail,Store 022 Trondheim,Receipt printer,ERR-6250,Medium,Closed,Store Systems,Printing stops partway through a sale,Output dies mid print and the transaction has to be put through again.,Paper sensor dirty and reporting empty. Cleaned and recalibrated.,2.5
INC-2026-04988,2026-02-13T14:30,Retail,Store 031 Bergen,Point of sale,ERR-6205,Low,Resolved,E-commerce,Till freezing during busy period,"Cuts out repeatedly once the shop fills up, never when it is quiet.",Faulty power supply under load. Replaced the unit with no repeat over the following week.,6.1
INC-2026-04033,2026-07-23T16:15,Payments,Scoring Cluster A,Card authorisation,ERR-4001,High,Resolved,Core Banking,Authorisation success rate dropped,People are being refused at the final step even though their cards are perfectly good.,Upstream acquirer degraded. Failed over to the secondary route and rates recovered immediately.,4.7
INC-2026-04734,2026-01-11T05:00,Maritime,MV Storfjord,Navigation display,ERR-2203,Medium,Resolved,Hull & Deck,Console blanking intermittently,"Goes black for a moment, then paints itself back in as if nothing happened.",Failing power supply in the console. Replaced the unit and monitored for a full watch.,3.9
INC-2026-04947,2026-08-07T06:00,Payments,Gateway West,Fraud scoring,ERR-4102,Medium,Resolved,Fraud Engineering,Review queue backing up,Analysts are drowning in referrals that turn out to be perfectly ordinary purchases.,Feature store query missing an index after a schema change. Index rebuilt and latency recovered.,13.7
INC-2026-04631,2026-07-13T18:15,Energy,Substation Kollsnes,SCADA link,ERR-3310,High,Resolved,SCADA,Telemetry gap from remote site,The site went quiet. Nothing came in until it suddenly caught up in one burst.,Failing media converter at the site end. Swapped the unit and the gaps stopped.,6.0
INC-2026-04690,2026-03-05T22:45,Retail,DC Vestby,Inventory sync,ERR-6410,Medium,Resolved,E-commerce,Counts disagree between systems,"The nightly transfer arrived hours late, so morning picking worked from stale numbers.",Message queue backed up behind a poison message. Removed it and replayed the remainder.,17.3
INC-2026-04519,2026-06-03T08:15,Maritime,MV Storfjord,Navigation display,ERR-2203,High,Closed,Rotating Equipment,Chart display freezing on bridge console,"Unit drops out briefly two or three times a watch, always without an alarm.","Loose display cable at the bulkhead connector. Reseated and secured, no further dropouts.",6.8
INC-2026-04550,2026-08-25T12:45,Energy,Substation Rong,SCADA link,ERR-3310,High,Resolved,SCADA,Outstation dropping off the system,We lose sight of it for minutes at a time and then it is back as though nothing happened.,Failing media converter at the site end. Swapped the unit and the gaps stopped.,2.1
INC-2026-04303,2026-06-29T14:45,Retail,Store 031 Bergen,Receipt printer,ERR-6250,Medium,Resolved,E-commerce,Receipt printer not responding,Staff hand over a torn stub because the machine quit in the middle of it.,Printer driver incompatible with the latest POS release. Rolled back the driver.,4.5
INC-2026-04843,2026-02-06T14:30,Energy,Substation Fana,SCADA link,ERR-3310,Medium,Resolved,SCADA,SCADA polling timeouts overnight,Data stopped arriving during the night shift and backfilled automatically once the link recovered.,Failing media converter at the site end. Swapped the unit and the gaps stopped.,3.4
INC-2026-04149,2026-03-09T08:45,Maritime,MV Kvitøy,Navigation display,ERR-2203,Medium,Closed,Rotating Equipment,Bridge display unresponsive during watch,Picture freezes mid update. Everything else on the bridge carries on as normal.,Failing power supply in the console. Replaced the unit and monitored for a full watch.,7.9
INC-2026-04055,2026-06-03T08:45,Maritime,MV Kvitøy,Navigation display,ERR-2203,Medium,Resolved,Bridge Systems,Console blanking intermittently,Console stops responding to touch and only recovers after a power cycle.,Firmware defect in the chart renderer. Applied vendor patch 4.2.1.,3.9
INC-2026-04468,2026-02-03T00:15,Payments,Gateway North,Settlement batch,ERR-4310,Medium,Resolved,Fraud Engineering,Settlement file rejected by clearing,Batch stalled partway through and had to be restarted from the last checkpoint.,"Disk exhausted on the batch host mid write. Cleared space, added an alert and reran cleanly.",3.0
INC-2026-04747,2026-06-14T12:45,Retail,DC Larvik,Inventory sync,ERR-6410,High,Resolved,Store Systems,Online availability showing items that are sold out,Counts in the system do not match what staff find when they physically check the shelf.,Message queue backed up behind a poison message. Removed it and replayed the remainder.,2.3
INC-2026-04379,2026-04-10T10:30,Retail,Store 022 Trondheim,Point of sale,ERR-6205,High,Resolved,E-commerce,Lane out of service at peak,"Goes down on its own without anyone touching it, then comes back a minute later.",Failing memory module. Swapped the board and soak tested through a full trading day.,6.5
INC-2026-04202,2026-05-18T10:45,Energy,Substation Ålgård,SCADA link,ERR-3310,Medium,Resolved,Grid Operations,SCADA polling timeouts overnight,Data stopped arriving during the night shift and backfilled automatically once the link recovered.,Polling interval too aggressive after a config change. Reverted to the previous setting.,3.5
INC-2026-04565,2026-07-16T00:45,Energy,Substation Fana,SCADA link,ERR-3310,High,Resolved,Grid Operations,Outstation dropping off the system,We lose sight of it for minutes at a time and then it is back as though nothing happened.,Radio link degraded by weather. Repointed the antenna and improved the margin.,5.9
INC-2026-04723,2026-03-27T15:30,Payments,Scoring Cluster A,Settlement batch,ERR-4310,Medium,Resolved,Payments Platform,Daily reconciliation out by a file,Submission bounced. The totals at the end of it did not agree with the body.,Trailing record count mismatch caused by a duplicated entry. Deduplicated and resubmitted.,22.0
INC-2026-04228,2026-01-12T23:00,Maritime,MV Nordlys,Navigation display,ERR-2203,Low,Resolved,Bridge Systems,Console blanking intermittently,"Watchkeeper cannot interact with it for short spells, then it wakes up again.",Failing power supply in the console. Replaced the unit and monitored for a full watch.,3.0
INC-2026-04922,2026-01-08T22:00,Payments,Gateway Core,Settlement batch,ERR-4310,High,Resolved,Fraud Engineering,Settlement file rejected by clearing,Submission bounced. The totals at the end of it did not agree with the body.,Downstream schema change not applied in our mapping. Updated the mapping and reran.,19.8
INC-2026-04785,2026-07-29T13:45,Payments,Gateway North,Card authorisation,ERR-4001,Critical,Resolved,Core Banking,Elevated decline rate on card payments,Approval numbers fell off a cliff and have not come back on their own.,Connection pool exhausted after a traffic spike. Raised the pool size and added backpressure.,3.5
INC-2026-04037,2026-08-20T19:30,Energy,Substation Rong,SCADA link,ERR-3310,High,Resolved,Substation Field,SCADA polling timeouts overnight,"Values freeze at their last figure, then jump to current once contact returns.",Polling interval too aggressive after a config change. Reverted to the previous setting.,9.7
INC-2026-04119,2026-06-15T23:15,Maritime,MV Nordlys,Navigation display,ERR-2203,Low,Closed,Rotating Equipment,Console blanking intermittently,Picture freezes mid update. Everything else on the bridge carries on as normal.,"Loose display cable at the bulkhead connector. Reseated and secured, no further dropouts.",6.5
INC-2026-04316,2026-07-28T20:15,Payments,Gateway Core,Fraud scoring,ERR-4102,High,Closed,Core Banking,False positives spiking on new rule,Analysts are drowning in referrals that turn out to be perfectly ordinary purchases.,Feature store query missing an index after a schema change. Index rebuilt and latency recovered.,13.8
INC-2026-04818,2026-01-12T18:15,Payments,Gateway Core,Settlement batch,ERR-4310,High,Closed,Fraud Engineering,Daily reconciliation out by a file,Submission bounced. The totals at the end of it did not agree with the body.,Trailing record count mismatch caused by a duplicated entry. Deduplicated and resubmitted.,13.3
INC-2026-04684,2026-05-09T06:30,Retail,DC Larvik,Inventory sync,ERR-6410,Low,Resolved,E-commerce,Online availability showing items that are sold out,Counts in the system do not match what staff find when they physically check the shelf.,Message queue backed up behind a poison message. Removed it and replayed the remainder.,8.2
INC-2026-04535,2026-06-07T01:45,Payments,Gateway Core,Card authorisation,ERR-4001,High,Resolved,Payments Platform,Authorisation success rate dropped,People are being refused at the final step even though their cards are perfectly good.,"Expired certificate on the acquirer link. Renewed and redeployed, success rate normalised.",1.9
INC-2026-04655,2026-01-27T14:30,Retail,Store 022 Trondheim,Point of sale,ERR-6205,Medium,Resolved,Logistics,Lane out of service at peak,Staff lose the lane completely and have to move the queue to the next one.,Faulty power supply under load. Replaced the unit with no repeat over the following week.,8.4
INC-2026-04856,2026-01-09T18:15,Maritime,MV Storfjord,Fuel system,ERR-5140,High,Resolved,Rotating Equipment,Fuel pressure fluctuating on auxiliary engine,Reading is restless. It never sits still long enough to take a proper number off it.,Fuel filter partially blocked. Replaced the element and bled the system.,8.7
INC-2026-04266,2026-02-15T15:15,Payments,Gateway West,Fraud scoring,ERR-4102,Low,Closed,Core Banking,Fraud model scoring slowly,Genuine customers are being stopped at a rate we have not seen before.,Feature store query missing an index after a schema change. Index rebuilt and latency recovered.,13.7
INC-2026-04552,2026-09-01T23:45,Retail,Store 014 Oslo,Point of sale,ERR-6205,Medium,Resolved,Logistics,Checkout terminal restarting unexpectedly,Freezes solid with a customer standing there and the basket half scanned.,Faulty power supply under load. Replaced the unit with no repeat over the following week.,5.6
INC-2026-04375,2026-03-12T21:45,Payments,Scoring Cluster A,Card authorisation,ERR-4001,High,Resolved,Core Banking,Authorisation success rate dropped,Approval numbers fell off a cliff and have not come back on their own.,Upstream acquirer degraded. Failed over to the secondary route and rates recovered immediately.,5.6
INC-2026-04942,2026-06-30T14:45,Payments,Gateway West,Card authorisation,ERR-4001,Critical,Resolved,Payments Platform,Elevated decline rate on card payments,Approval numbers fell off a cliff and have not come back on their own.,Upstream acquirer degraded. Failed over to the secondary route and rates recovered immediately.,5.2
INC-2026-04047,2026-08-04T22:30,Retail,Store 022 Trondheim,Inventory sync,ERR-6410,Medium,Resolved,E-commerce,Counts disagree between systems,Numbers on screen and numbers on the rack are two different stories.,Clock skew between systems caused updates to be discarded as out of order. Corrected NTP.,13.6
INC-2026-04687,2026-02-08T22:15,Energy,Substation Rong,Transformer cooling,ERR-7744,Critical,Closed,Substation Field,Unit running warmer than its neighbours,"Sits several degrees above where it has historically run, with load unchanged.","Two cooling fans had failed. Replaced both, temperature returned to its normal profile within the hour.",20.3
INC-2026-04309,2026-08-13T10:30,Payments,Gateway Core,Fraud scoring,ERR-4102,Medium,Resolved,Core Banking,False positives spiking on new rule,Queue depth has been climbing all day and the team cannot work through it fast enough.,Feature store query missing an index after a schema change. Index rebuilt and latency recovered.,6.4
INC-2026-04486,2026-04-20T01:45,Energy,Substation Rong,SCADA link,ERR-3310,Medium,Closed,Substation Field,Outstation dropping off the system,"Nothing reported in from that location for a stretch, with no alarm to say why.",Failing media converter at the site end. Swapped the unit and the gaps stopped.,1.2
INC-2026-04580,2026-07-09T05:30,Retail,Store 014 Oslo,Inventory sync,ERR-6410,Medium,Resolved,Logistics,Counts disagree between systems,"We are selling things we do not hold, and the first anyone knows is at the collection point.",Clock skew between systems caused updates to be discarded as out of order. Corrected NTP.,16.0
INC-2026-04027,2026-03-19T03:45,Energy,Substation Rong,SCADA link,ERR-3310,High,Resolved,SCADA,SCADA polling timeouts overnight,"Control room had no readings from the site for about twenty minutes, then everything reappeared at once.",Polling interval too aggressive after a config change. Reverted to the previous setting.,4.0
INC-2026-04691,2026-02-13T19:30,Retail,Store 014 Oslo,Inventory sync,ERR-6410,High,Closed,E-commerce,Stock levels out of step with warehouse,"The nightly transfer arrived hours late, so morning picking worked from stale numbers.",Message queue backed up behind a poison message. Removed it and replayed the remainder.,6.9
INC-2026-04289,2026-07-26T23:00,Energy,Substation Fana,Transformer cooling,ERR-7744,High,Closed,Grid Operations,Unit running warmer than its neighbours,Readings climb steadily through the afternoon peak and no longer settle overnight the way they used to.,Blocked airflow from vegetation growth against the enclosure. Cleared and trimmed back.,16.0
INC-2026-04854,2026-08-01T13:15,Retail,Store 022 Trondheim,Point of sale,ERR-6205,Medium,Resolved,Store Systems,Lane out of service at peak,Terminal locks solid mid transaction when the queue is long and staff have to restart it.,Faulty power supply under load. Replaced the unit with no repeat over the following week.,1.3
INC-2026-04253,2026-02-12T23:15,Maritime,MV Havbris,Fuel system,ERR-5140,Low,Resolved,Hull & Deck,Uneven running on auxiliary engine,"Brief hesitation every so often, as though it is starving for a moment and then catching again.",Fuel filter partially blocked. Replaced the element and bled the system.,9.7
INC-2026-04764,2026-06-11T22:30,Payments,Gateway West,Card authorisation,ERR-4001,High,Resolved,Payments Platform,Authorisation success rate dropped,Success rate dropped from its usual level to around eighty percent over about ten minutes.,Connection pool exhausted after a traffic spike. Raised the pool size and added backpressure.,5.7
INC-2026-04485,2026-01-24T11:45,Energy,Substation Kollsnes,Protection relay,ERR-7120,High,Closed,Substation Field,Unexpected breaker trip on feeder,"Feeder tripped out with nothing obvious on the line, and supply was restored manually after inspection.","Moisture ingress in the relay panel causing spurious operation. Dried, sealed and retested.",8.8
INC-2026-04776,2026-03-25T01:45,Retail,Store 022 Trondheim,Inventory sync,ERR-6410,Medium,Resolved,Logistics,Counts disagree between systems,What the system believes is in the building bears no relation to what is in the building.,Message queue backed up behind a poison message. Removed it and replayed the remainder.,10.3
INC-2026-04340,2026-09-06T01:15,Energy,Substation Ålgård,Transformer cooling,ERR-7744,Critical,Resolved,SCADA,Transformer temperature trending high,"Gradual rise on the trend, small each day, obvious across a month.",Radiator fins heavily fouled. Cleaned and flushed to restore rated cooling capacity.,19.3
INC-2026-04581,2026-05-21T06:45,Retail,Store 022 Trondheim,Inventory sync,ERR-6410,Medium,Closed,E-commerce,Stock levels out of step with warehouse,Numbers on screen and numbers on the rack are two different stories.,Message queue backed up behind a poison message. Removed it and replayed the remainder.,13.2
INC-2026-04965,2026-04-23T11:30,Energy,Substation Fana,SCADA link,ERR-3310,High,Closed,Grid Operations,Telemetry gap from remote site,"Intermittent loss of contact with the outstation, several short gaps through the evening.",Failing media converter at the site end. Swapped the unit and the gaps stopped.,2.4
INC-2026-04715,2026-07-06T11:15,Energy,Substation Kollsnes,Transformer cooling,ERR-7744,High,Closed,Grid Operations,Unit running warmer than its neighbours,Control room sees the figure drifting upward and not recovering during the quiet hours.,Radiator fins heavily fouled. Cleaned and flushed to restore rated cooling capacity.,16.5
INC-2026-04534,2026-07-15T21:45,Retail,DC Vestby,Point of sale,ERR-6205,Low,Resolved,Store Systems,Checkout terminal restarting unexpectedly,"It gives up under pressure. Quiet mornings are fine, Saturday afternoon is not.",Faulty power supply under load. Replaced the unit with no repeat over the following week.,6.8
INC-2026-04072,2026-05-28T17:45,Payments,Scoring Cluster A,Settlement batch,ERR-4310,Medium,Resolved,Payments Platform,Settlement file rejected by clearing,"The file came back rejected with a format complaint, so settlement did not post for the day.","Disk exhausted on the batch host mid write. Cleared space, added an alert and reran cleanly.",6.5
INC-2026-04986,2026-08-26T10:00,Payments,Gateway West,Card authorisation,ERR-4001,Critical,Resolved,Fraud Engineering,Authorisation success rate dropped,"Customers say payment spins and then fails, and a retry usually works on the second attempt.",Connection pool exhausted after a traffic spike. Raised the pool size and added backpressure.,2.2
INC-2026-04972,2026-01-22T19:00,Energy,Substation Rong,SCADA link,ERR-3310,Medium,In Progress,SCADA,Outstation dropping off the system,"Control room had no readings from the site for about twenty minutes, then everything reappeared at once.",,
INC-2026-04339,2026-03-01T21:00,Energy,Substation Kollsnes,Protection relay,ERR-7120,Critical,Resolved,SCADA,Relay operated with no fault found,"Operated during normal conditions, and a full inspection turned up nothing at all.",Current transformer wiring reversed on one phase after maintenance. Corrected and tested.,15.7
INC-2026-04807,2026-06-09T22:30,Retail,DC Vestby,Inventory sync,ERR-6410,Medium,In Progress,Store Systems,Stock levels out of step with warehouse,Customers are ordering items that ran out before the order was even placed.,,
INC-2026-04513,2026-08-29T04:45,Retail,Store 022 Trondheim,Inventory sync,ERR-6410,Medium,Resolved,E-commerce,Stock levels out of step with warehouse,What the system believes is in the building bears no relation to what is in the building.,Clock skew between systems caused updates to be discarded as out of order. Corrected NTP.,14.3
INC-2026-04921,2026-05-31T19:00,Energy,Substation Rong,Transformer cooling,ERR-7744,High,Closed,Grid Operations,Unit running warmer than its neighbours,"Gradual rise on the trend, small each day, obvious across a month.",Radiator fins heavily fouled. Cleaned and flushed to restore rated cooling capacity.,19.3
INC-2026-04964,2026-01-22T11:30,Maritime,MV Havbris,Navigation display,ERR-2203,Low,Closed,Bridge Systems,Chart display freezing on bridge console,Console stops responding to touch and only recovers after a power cycle.,Firmware defect in the chart renderer. Applied vendor patch 4.2.1.,7.9
INC-2026-04538,2026-07-01T11:45,Payments,Scoring Cluster A,Card authorisation,ERR-4001,Critical,Resolved,Core Banking,Customers reporting failed checkout,People are being refused at the final step even though their cards are perfectly good.,"Expired certificate on the acquirer link. Renewed and redeployed, success rate normalised.",5.8
INC-2026-04786,2026-01-27T11:00,Payments,Gateway West,Card authorisation,ERR-4001,Critical,Resolved,Fraud Engineering,Authorisation success rate dropped,"More transactions than normal are being turned away, with no pattern by card type or issuer.",Connection pool exhausted after a traffic spike. Raised the pool size and added backpressure.,1.2
INC-2026-04274,2026-08-13T13:30,Retail,Store 022 Trondheim,Inventory sync,ERR-6410,Medium,Resolved,Logistics,Online availability showing items that are sold out,What the system believes is in the building bears no relation to what is in the building.,Clock skew between systems caused updates to be discarded as out of order. Corrected NTP.,17.4
INC-2026-04225,2026-08-13T08:00,Payments,Gateway North,Card authorisation,ERR-4001,High,Closed,Payments Platform,Customers reporting failed checkout,Approval numbers fell off a cliff and have not come back on their own.,"Expired certificate on the acquirer link. Renewed and redeployed, success rate normalised.",1.2
INC-2026-04539,2026-06-10T05:30,Retail,Store 031 Bergen,Point of sale,ERR-6205,High,Resolved,Logistics,Checkout terminal restarting unexpectedly,Freezes solid with a customer standing there and the basket half scanned.,Thermal shutdown from blocked vents behind the counter. Relocated and cleaned.,7.2
INC-2026-04076,2026-08-04T22:45,Retail,Store 031 Bergen,Receipt printer,ERR-6250,Low,Resolved,Store Systems,Receipt printer not responding,Staff hand over a torn stub because the machine quit in the middle of it.,Printer driver incompatible with the latest POS release. Rolled back the driver.,4.8
INC-2026-04877,2026-07-02T00:00,Maritime,MV Storfjord,Navigation display,ERR-2203,Medium,Resolved,Bridge Systems,Bridge display unresponsive during watch,"Image stalls and the vessel symbol stops moving, though position is clearly still changing.",Failing power supply in the console. Replaced the unit and monitored for a full watch.,2.6
INC-2026-04606,2026-05-26T11:45,Payments,Gateway Core,Card authorisation,ERR-4001,High,Resolved,Core Banking,Elevated decline rate on card payments,Support is fielding complaints that the payment page hangs and then gives up.,Upstream acquirer degraded. Failed over to the secondary route and rates recovered immediately.,1.1
INC-2026-04492,2026-03-06T18:45,Retail,Store 022 Trondheim,Point of sale,ERR-6205,Medium,Resolved,E-commerce,Checkout terminal restarting unexpectedly,"Goes down on its own without anyone touching it, then comes back a minute later.",Faulty power supply under load. Replaced the unit with no repeat over the following week.,8.4
INC-2026-04474,2026-02-06T10:45,Maritime,MV Storfjord,Fuel system,ERR-5140,Medium,Resolved,Bridge Systems,Auxiliary engine losing power intermittently,"Watch reports the machine hunting at constant load, never quite holding a figure.",Air ingress at a loose union on the suction side. Tightened and pressure tested.,4.7
INC-2026-04993,2026-09-03T16:15,Maritime,MV Bergen Star,Navigation display,ERR-2203,Medium,Resolved,Rotating Equipment,Chart display freezing on bridge console,"Goes black for a moment, then paints itself back in as if nothing happened.",Failing power supply in the console. Replaced the unit and monitored for a full watch.,2.4
INC-2026-04278,2026-02-10T07:45,Maritime,MV Havbris,Navigation display,ERR-2203,High,Closed,Rotating Equipment,Console blanking intermittently,"Screen locks up for around thirty seconds then returns on its own, several times per watch.","Loose display cable at the bulkhead connector. Reseated and secured, no further dropouts.",7.8
INC-2026-04136,2026-04-11T16:15,Payments,Gateway North,Card authorisation,ERR-4001,High,Resolved,Payments Platform,Elevated decline rate on card payments,Support is fielding complaints that the payment page hangs and then gives up.,Upstream acquirer degraded. Failed over to the secondary route and rates recovered immediately.,4.0
INC-2026-04471,2026-07-07T02:00,Retail,DC Vestby,Point of sale,ERR-6205,Medium,Resolved,E-commerce,Lane out of service at peak,Terminal locks solid mid transaction when the queue is long and staff have to restart it.,Failing memory module. Swapped the board and soak tested through a full trading day.,1.3
INC-2026-04626,2026-09-03T12:15,Maritime,MV Nordlys,Navigation display,ERR-2203,Medium,Resolved,Bridge Systems,Bridge display unresponsive during watch,Console stops responding to touch and only recovers after a power cycle.,"Loose display cable at the bulkhead connector. Reseated and secured, no further dropouts.",5.3
INC-2026-04561,2026-02-27T03:30,Maritime,MV Storfjord,Fuel system,ERR-5140,Medium,Closed,Hull & Deck,Uneven running on auxiliary engine,Power dips away and returns without anyone touching the controls.,Lift pump diaphragm perished. Renewed the pump and confirmed steady supply pressure.,9.6
INC-2026-04155,2026-03-14T14:45,Maritime,MV Storfjord,Fuel system,ERR-5140,High,Resolved,Hull & Deck,Uneven running on auxiliary engine,"Pressure reading swings up and down rather than holding steady, and the engine surges slightly with it.",Fuel filter partially blocked. Replaced the element and bled the system.,4.9
INC-2026-04210,2026-01-17T10:15,Retail,Store 022 Trondheim,Point of sale,ERR-6205,Low,Resolved,Store Systems,Checkout terminal restarting unexpectedly,"Goes down on its own without anyone touching it, then comes back a minute later.",Failing memory module. Swapped the board and soak tested through a full trading day.,8.4
INC-2026-04286,2026-07-10T15:45,Retail,DC Vestby,Receipt printer,ERR-6250,Low,Closed,Store Systems,Printing stops partway through a sale,It produces the top of the receipt and then simply stops.,Worn feed roller slipping under load. Replaced the roller assembly.,4.7
INC-2026-04555,2026-04-08T15:00,Energy,Substation Rong,Protection relay,ERR-7120,High,Resolved,Substation Field,Relay operated with no fault found,"Came out for no reason anyone can establish, reclosed first time and has behaved since.",Relay setting group left on the commissioning profile. Restored operational settings.,4.3
INC-2026-04602,2026-05-01T14:45,Retail,Store 014 Oslo,Receipt printer,ERR-6250,Medium,Resolved,Store Systems,No receipt at end of transaction,Output dies mid print and the transaction has to be put through again.,Paper sensor dirty and reporting empty. Cleaned and recalibrated.,3.6
INC-2026-04722,2026-03-04T19:45,Energy,Substation Fana,Transformer cooling,ERR-7744,High,In Progress,Grid Operations,Unit running warmer than its neighbours,Unit runs hotter than the others on the same bus under identical load.,,
INC-2026-04031,2026-01-07T13:30,Retail,Store 022 Trondheim,Receipt printer,ERR-6250,Low,Closed,Logistics,No receipt at end of transaction,Printer stops halfway through and the sale has to be voided and rerun.,Printer driver incompatible with the latest POS release. Rolled back the driver.,2.1
INC-2026-04397,2026-06-06T21:30,Payments,Gateway Core,Settlement batch,ERR-4310,High,Resolved,Payments Platform,Settlement file rejected by clearing,Job died in the middle and had to be picked up again from where it gave out.,"Disk exhausted on the batch host mid write. Cleared space, added an alert and reran cleanly.",19.9
INC-2026-04082,2026-01-21T06:30,Maritime,MV Nordlys,Fuel system,ERR-5140,High,Closed,Hull & Deck,Uneven running on auxiliary engine,"Watch reports the machine hunting at constant load, never quite holding a figure.",Fuel filter partially blocked. Replaced the element and bled the system.,4.1
INC-2026-04590,2026-02-23T00:30,Retail,DC Vestby,Inventory sync,ERR-6410,Medium,Closed,Logistics,Stock levels out of step with warehouse,Customers are ordering items that ran out before the order was even placed.,Clock skew between systems caused updates to be discarded as out of order. Corrected NTP.,19.7
INC-2026-04194,2026-02-13T17:00,Maritime,MV Nordlys,Navigation display,ERR-2203,High,Resolved,Rotating Equipment,Bridge display unresponsive during watch,"Goes black for a moment, then paints itself back in as if nothing happened.","Loose display cable at the bulkhead connector. Reseated and secured, no further dropouts.",2.2
INC-2026-04098,2026-02-04T19:00,Maritime,MV Havbris,Navigation display,ERR-2203,High,Resolved,Hull & Deck,Bridge display unresponsive during watch,Console stops responding to touch and only recovers after a power cycle.,"Loose display cable at the bulkhead connector. Reseated and secured, no further dropouts.",4.3
INC-2026-04115,2026-09-14T04:15,Energy,Substation Ålgård,Transformer cooling,ERR-7744,Critical,Resolved,SCADA,Unit running warmer than its neighbours,Thermal margin has been shrinking week on week and nobody can point at a cause.,Blocked airflow from vegetation growth against the enclosure. Cleared and trimmed back.,16.2
INC-2026-04903,2026-07-19T05:45,Payments,Gateway Core,Settlement batch,ERR-4310,Medium,Resolved,Core Banking,Settlement file rejected by clearing,Batch stalled partway through and had to be restarted from the last checkpoint.,Trailing record count mismatch caused by a duplicated entry. Deduplicated and resubmitted.,16.9
INC-2026-04392,2026-06-23T05:15,Maritime,MV Kvitøy,Fuel system,ERR-5140,Medium,In Progress,Rotating Equipment,Fuel pressure fluctuating on auxiliary engine,"Watch reports the machine hunting at constant load, never quite holding a figure.",,
INC-2026-04889,2026-07-16T02:00,Energy,Substation Kollsnes,SCADA link,ERR-3310,Medium,Closed,SCADA,SCADA polling timeouts overnight,We lose sight of it for minutes at a time and then it is back as though nothing happened.,Radio link degraded by weather. Repointed the antenna and improved the margin.,1.0
INC-2026-04144,2026-06-27T04:45,Energy,Substation Ålgård,SCADA link,ERR-3310,Medium,Resolved,Grid Operations,Telemetry gap from remote site,"Values freeze at their last figure, then jump to current once contact returns.",Polling interval too aggressive after a config change. Reverted to the previous setting.,9.9
INC-2026-04709,2026-08-07T03:30,Energy,Substation Fana,SCADA link,ERR-3310,Low,Resolved,Grid Operations,SCADA polling timeouts overnight,"Nothing reported in from that location for a stretch, with no alarm to say why.",Radio link degraded by weather. Repointed the antenna and improved the margin.,3.2
INC-2026-04300,2026-04-17T18:15,Payments,Gateway North,Card authorisation,ERR-4001,High,Resolved,Payments Platform,Authorisation success rate dropped,"More transactions than normal are being turned away, with no pattern by card type or issuer.",Upstream acquirer degraded. Failed over to the secondary route and rates recovered immediately.,0.6
INC-2026-04874,2026-05-10T01:15,Retail,Store 022 Trondheim,Inventory sync,ERR-6410,High,Resolved,E-commerce,Stock levels out of step with warehouse,"The website is offering products the shelf does not actually have, and customers arrive to collect nothing.",Clock skew between systems caused updates to be discarded as out of order. Corrected NTP.,3.8
INC-2026-04634,2026-02-02T01:15,Payments,Gateway West,Fraud scoring,ERR-4102,Medium,Resolved,Core Banking,Fraud model scoring slowly,The model is taking its time. What used to be instant now has a noticeable wait.,Stale model artefact loaded on two nodes. Redeployed the correct version across the cluster.,12.3
INC-2026-04782,2026-01-19T03:00,Payments,Gateway North,Fraud scoring,ERR-4102,High,Resolved,Payments Platform,Fraud model scoring slowly,"Overnight job still running well into the morning, leaving downstream reports delayed.",Threshold misconfigured during deployment. Corrected and validated against the holdout set.,3.8
INC-2026-04411,2026-07-02T11:30,Retail,DC Vestby,Inventory sync,ERR-6410,Low,Resolved,Store Systems,Online availability showing items that are sold out,Numbers on screen and numbers on the rack are two different stories.,"Sync job failing silently on malformed records. Added validation and alerting, then reprocessed the backlog.",2.4
INC-2026-04341,2026-01-22T18:45,Maritime,MV Nordlys,Navigation display,ERR-2203,Medium,Resolved,Hull & Deck,Chart display freezing on bridge console,Picture freezes mid update. Everything else on the bridge carries on as normal.,"Loose display cable at the bulkhead connector. Reseated and secured, no further dropouts.",6.1
INC-2026-04401,2026-07-09T09:45,Maritime,MV Havbris,Navigation display,ERR-2203,Low,Resolved,Rotating Equipment,Bridge display unresponsive during watch,"Goes black for a moment, then paints itself back in as if nothing happened.","Loose display cable at the bulkhead connector. Reseated and secured, no further dropouts.",6.8
INC-2026-04365,2026-08-29T10:00,Retail,Store 014 Oslo,Receipt printer,ERR-6250,Low,Resolved,E-commerce,Printing stops partway through a sale,The till says done and the customer gets nothing to take away.,Worn feed roller slipping under load. Replaced the roller assembly.,2.4
INC-2026-04899,2026-09-01T19:45,Energy,Substation Fana,SCADA link,ERR-3310,Medium,Closed,SCADA,SCADA polling timeouts overnight,"Control room had no readings from the site for about twenty minutes, then everything reappeared at once.",Polling interval too aggressive after a config change. Reverted to the previous setting.,2.5
INC-2026-04725,2026-03-26T20:45,Retail,DC Larvik,Inventory sync,ERR-6410,Medium,In Progress,Logistics,Online availability showing items that are sold out,Counts in the system do not match what staff find when they physically check the shelf.,,
INC-2026-04685,2026-06-29T01:00,Maritime,MV Nordlys,Navigation display,ERR-2203,Medium,Resolved,Hull & Deck,Console blanking intermittently,Console stops responding to touch and only recovers after a power cycle.,"Loose display cable at the bulkhead connector. Reseated and secured, no further dropouts.",3.1
INC-2026-04583,2026-04-30T12:45,Payments,Gateway Core,Settlement batch,ERR-4310,Medium,Resolved,Fraud Engineering,Settlement file rejected by clearing,Overnight run stopped halfway and left the day only partly posted.,Trailing record count mismatch caused by a duplicated entry. Deduplicated and resubmitted.,21.7
INC-2026-04330,2026-04-26T11:00,Payments,Gateway West,Fraud scoring,ERR-4102,Low,Closed,Payments Platform,Fraud model scoring slowly,"Overnight job still running well into the morning, leaving downstream reports delayed.",Stale model artefact loaded on two nodes. Redeployed the correct version across the cluster.,15.1
INC-2026-04566,2026-05-12T08:00,Retail,Store 014 Oslo,Receipt printer,ERR-6250,Low,Resolved,Logistics,Receipt printer not responding,It produces the top of the receipt and then simply stops.,Worn feed roller slipping under load. Replaced the roller assembly.,1.4
INC-2026-04181,2026-07-08T19:30,Payments,Scoring Cluster A,Settlement batch,ERR-4310,High,In Progress,Fraud Engineering,Daily reconciliation out by a file,"The file came back rejected with a format complaint, so settlement did not post for the day.",,
INC-2026-04329,2026-02-12T23:00,Retail,Store 031 Bergen,Point of sale,ERR-6205,Medium,Resolved,Store Systems,Lane out of service at peak,Staff lose the lane completely and have to move the queue to the next one.,Faulty power supply under load. Replaced the unit with no repeat over the following week.,4.2
INC-2026-04140,2026-04-14T23:15,Retail,Store 031 Bergen,Inventory sync,ERR-6410,Low,Resolved,Logistics,Counts disagree between systems,"The nightly transfer arrived hours late, so morning picking worked from stale numbers.",Clock skew between systems caused updates to be discarded as out of order. Corrected NTP.,12.3
INC-2026-04400,2026-04-22T19:00,Payments,Gateway Core,Card authorisation,ERR-4001,Critical,Resolved,Payments Platform,Customers reporting failed checkout,Success rate dropped from its usual level to around eighty percent over about ten minutes.,Upstream acquirer degraded. Failed over to the secondary route and rates recovered immediately.,4.4
INC-2026-04623,2026-08-11T07:00,Retail,Store 022 Trondheim,Receipt printer,ERR-6250,Low,Resolved,E-commerce,No receipt at end of transaction,Output dies mid print and the transaction has to be put through again.,Worn feed roller slipping under load. Replaced the roller assembly.,0.6
INC-2026-04296,2026-06-08T19:45,Retail,Store 031 Bergen,Inventory sync,ERR-6410,Medium,Closed,Logistics,Online availability showing items that are sold out,"The website is offering products the shelf does not actually have, and customers arrive to collect nothing.","Sync job failing silently on malformed records. Added validation and alerting, then reprocessed the backlog.",6.6
INC-2026-04041,2026-03-07T13:45,Maritime,MV Kvitøy,Fuel system,ERR-5140,High,Closed,Bridge Systems,Fuel pressure fluctuating on auxiliary engine,Engine drops revs briefly every few minutes then recovers on its own.,Air ingress at a loose union on the suction side. Tightened and pressure tested.,3.2
INC-2026-04170,2026-03-19T21:00,Energy,Substation Fana,Protection relay,ERR-7120,Critical,Closed,Grid Operations,Unexpected breaker trip on feeder,Breaker opened on its own. Walked the route and found nothing wrong.,Relay setting group left on the commissioning profile. Restored operational settings.,6.1
INC-2026-04931,2026-07-25T10:00,Payments,Gateway Core,Card authorisation,ERR-4001,Critical,Closed,Fraud Engineering,Elevated decline rate on card payments,Volume looks normal but far fewer of them are completing than they should.,Connection pool exhausted after a traffic spike. Raised the pool size and added backpressure.,3.8
INC-2026-04501,2026-07-10T08:15,Energy,Substation Fana,Protection relay,ERR-7120,Critical,Resolved,Grid Operations,Feeder lost supply without cause,"Came out for no reason anyone can establish, reclosed first time and has behaved since.","Moisture ingress in the relay panel causing spurious operation. Dried, sealed and retested.",16.9
INC-2026-04029,2026-06-10T19:45,Maritime,MV Havbris,Fuel system,ERR-5140,Medium,Closed,Bridge Systems,Uneven running on auxiliary engine,Gauge will not settle. It wanders either side of where it should sit.,Fuel filter partially blocked. Replaced the element and bled the system.,5.8
INC-2026-04714,2026-08-20T06:30,Energy,Substation Ålgård,SCADA link,ERR-3310,Medium,Resolved,Substation Field,Outstation dropping off the system,"Nothing reported in from that location for a stretch, with no alarm to say why.",Radio link degraded by weather. Repointed the antenna and improved the margin.,7.8
INC-2026-04981,2026-08-20T22:45,Energy,Substation Rong,SCADA link,ERR-3310,Medium,Resolved,SCADA,Outstation dropping off the system,"Nothing reported in from that location for a stretch, with no alarm to say why.",Failing media converter at the site end. Swapped the unit and the gaps stopped.,11.9
INC-2026-04652,2026-04-04T04:30,Payments,Gateway West,Fraud scoring,ERR-4102,Medium,Resolved,Core Banking,Fraud model scoring slowly,Queue depth has been climbing all day and the team cannot work through it fast enough.,Threshold misconfigured during deployment. Corrected and validated against the holdout set.,15.0
INC-2026-04205,2026-04-01T10:00,Energy,Substation Rong,SCADA link,ERR-3310,Medium,Resolved,Grid Operations,SCADA polling timeouts overnight,Trend shows holes in the record overnight that filled themselves in by morning.,Failing media converter at the site end. Swapped the unit and the gaps stopped.,8.0
INC-2026-04251,2026-04-25T00:00,Retail,Store 031 Bergen,Receipt printer,ERR-6250,Low,In Progress,Logistics,Printing stops partway through a sale,"Paper feeds a few lines then gives up, leaving the customer with half a slip.",,
INC-2026-04639,2026-01-22T15:30,Payments,Gateway West,Card authorisation,ERR-4001,Critical,In Progress,Payments Platform,Customers reporting failed checkout,"Customers say payment spins and then fails, and a retry usually works on the second attempt.",,
INC-2026-04895,2026-02-27T21:30,Energy,Substation Fana,Transformer cooling,ERR-7744,High,Closed,SCADA,Unit running warmer than its neighbours,"It is noticeably warmer to stand next to than the one beside it, carrying the same current.",Radiator fins heavily fouled. Cleaned and flushed to restore rated cooling capacity.,14.8
INC-2026-04896,2026-07-11T22:30,Maritime,MV Storfjord,Navigation display,ERR-2203,Medium,Closed,Bridge Systems,Chart display freezing on bridge console,"Display goes dark without warning and comes back after a minute, nothing in the alarm log.",Firmware defect in the chart renderer. Applied vendor patch 4.2.1.,1.2
INC-2026-04600,2026-05-16T09:30,Maritime,MV Kvitøy,Navigation display,ERR-2203,Low,Resolved,Rotating Equipment,Bridge display unresponsive during watch,"Image stalls and the vessel symbol stops moving, though position is clearly still changing.","Loose display cable at the bulkhead connector. Reseated and secured, no further dropouts.",7.9
INC-2026-04778,2026-06-25T13:30,Maritime,MV Kvitøy,Navigation display,ERR-2203,High,Resolved,Rotating Equipment,Console blanking intermittently,Picture freezes mid update. Everything else on the bridge carries on as normal.,"Loose display cable at the bulkhead connector. Reseated and secured, no further dropouts.",5.4
INC-2026-04467,2026-05-03T01:45,Energy,Substation Fana,Transformer cooling,ERR-7744,High,Resolved,Grid Operations,Unit running warmer than its neighbours,Control room sees the figure drifting upward and not recovering during the quiet hours.,Blocked airflow from vegetation growth against the enclosure. Cleared and trimmed back.,13.2
INC-2026-04186,2026-07-26T12:15,Maritime,MV Storfjord,Fuel system,ERR-5140,Medium,Closed,Rotating Equipment,Fuel pressure fluctuating on auxiliary engine,"Brief hesitation every so often, as though it is starving for a moment and then catching again.",Fuel filter partially blocked. Replaced the element and bled the system.,5.3
INC-2026-04754,2026-01-09T02:30,Energy,Substation Ålgård,Transformer cooling,ERR-7744,Critical,Closed,Substation Field,Transformer temperature trending high,Unit runs hotter than the others on the same bus under identical load.,Radiator fins heavily fouled. Cleaned and flushed to restore rated cooling capacity.,12.4
INC-2026-04368,2026-08-24T00:45,Retail,DC Vestby,Inventory sync,ERR-6410,High,Resolved,Logistics,Stock levels out of step with warehouse,"The website is offering products the shelf does not actually have, and customers arrive to collect nothing.",Message queue backed up behind a poison message. Removed it and replayed the remainder.,18.4
INC-2026-04321,2026-04-12T00:15,Maritime,MV Storfjord,Navigation display,ERR-2203,Low,In Progress,Rotating Equipment,Bridge display unresponsive during watch,"Goes black for a moment, then paints itself back in as if nothing happened.",,
INC-2026-04635,2026-04-03T12:00,Retail,DC Vestby,Receipt printer,ERR-6250,Medium,Resolved,E-commerce,Receipt printer not responding,Staff hand over a torn stub because the machine quit in the middle of it.,Worn feed roller slipping under load. Replaced the roller assembly.,1.8
INC-2026-04523,2026-02-21T20:15,Energy,Substation Fana,Protection relay,ERR-7120,High,Resolved,SCADA,Relay operated with no fault found,Breaker opened on its own. Walked the route and found nothing wrong.,Current transformer wiring reversed on one phase after maintenance. Corrected and tested.,17.1
INC-2026-04374,2026-09-09T05:15,Payments,Gateway North,Settlement batch,ERR-4310,Medium,Closed,Payments Platform,Settlement file rejected by clearing,Overnight run stopped halfway and left the day only partly posted.,"Disk exhausted on the batch host mid write. Cleared space, added an alert and reran cleanly.",20.0
INC-2026-04595,2026-06-28T05:00,Energy,Substation Ålgård,SCADA link,ERR-3310,High,Closed,Substation Field,SCADA polling timeouts overnight,"Control room had no readings from the site for about twenty minutes, then everything reappeared at once.",Radio link degraded by weather. Repointed the antenna and improved the margin.,11.0
INC-2026-04949,2026-04-13T11:45,Retail,Store 031 Bergen,Inventory sync,ERR-6410,Medium,Resolved,Logistics,Stock levels out of step with warehouse,"Figures are a day behind, so every decision this morning was made on yesterday's picture.",Clock skew between systems caused updates to be discarded as out of order. Corrected NTP.,11.6
INC-2026-04781,2026-04-29T01:00,Maritime,MV Storfjord,Fuel system,ERR-5140,Low,Resolved,Hull & Deck,Auxiliary engine losing power intermittently,"Brief hesitation every so often, as though it is starving for a moment and then catching again.",Air ingress at a loose union on the suction side. Tightened and pressure tested.,3.4
INC-2026-04245,2026-05-14T04:15,Payments,Gateway Core,Fraud scoring,ERR-4102,Medium,Resolved,Core Banking,False positives spiking on new rule,Genuine customers are being stopped at a rate we have not seen before.,Feature store query missing an index after a schema change. Index rebuilt and latency recovered.,6.7
INC-2026-04482,2026-04-18T13:00,Payments,Gateway West,Fraud scoring,ERR-4102,High,Resolved,Core Banking,False positives spiking on new rule,Analysts are drowning in referrals that turn out to be perfectly ordinary purchases.,Stale model artefact loaded on two nodes. Redeployed the correct version across the cluster.,13.1
INC-2026-04920,2026-08-26T15:30,Retail,DC Larvik,Inventory sync,ERR-6410,Medium,Resolved,E-commerce,Online availability showing items that are sold out,"Figures are a day behind, so every decision this morning was made on yesterday's picture.",Clock skew between systems caused updates to be discarded as out of order. Corrected NTP.,2.1
INC-2026-04983,2026-02-23T11:15,Payments,Gateway West,Settlement batch,ERR-4310,Medium,Resolved,Fraud Engineering,Settlement file rejected by clearing,Job died in the middle and had to be picked up again from where it gave out.,"Disk exhausted on the batch host mid write. Cleared space, added an alert and reran cleanly.",17.1
INC-2026-04731,2026-05-07T10:15,Retail,Store 022 Trondheim,Inventory sync,ERR-6410,High,Resolved,Logistics,Online availability showing items that are sold out,Customers are ordering items that ran out before the order was even placed.,"Sync job failing silently on malformed records. Added validation and alerting, then reprocessed the backlog.",10.7
INC-2026-04976,2026-08-25T20:15,Maritime,MV Nordlys,Fuel system,ERR-5140,High,Resolved,Hull & Deck,Fuel pressure fluctuating on auxiliary engine,"Output is uneven under steady demand, with no alarm raised.",Fuel filter partially blocked. Replaced the element and bled the system.,6.6
INC-2026-04912,2026-08-22T20:15,Retail,Store 031 Bergen,Inventory sync,ERR-6410,Medium,Resolved,Store Systems,Stock levels out of step with warehouse,Counts in the system do not match what staff find when they physically check the shelf.,Clock skew between systems caused updates to be discarded as out of order. Corrected NTP.,11.0
INC-2026-04643,2026-06-30T22:15,Maritime,MV Nordlys,Fuel system,ERR-5140,Low,Closed,Hull & Deck,Auxiliary engine losing power intermittently,Gauge will not settle. It wanders either side of where it should sit.,Fuel filter partially blocked. Replaced the element and bled the system.,3.1
INC-2026-04852,2026-08-16T20:00,Payments,Gateway West,Card authorisation,ERR-4001,High,Resolved,Core Banking,Elevated decline rate on card payments,Support is fielding complaints that the payment page hangs and then gives up.,"Expired certificate on the acquirer link. Renewed and redeployed, success rate normalised.",5.1
INC-2026-04476,2026-06-12T12:15,Retail,Store 022 Trondheim,Receipt printer,ERR-6250,Low,Resolved,E-commerce,Receipt printer not responding,Staff hand over a torn stub because the machine quit in the middle of it.,Printer driver incompatible with the latest POS release. Rolled back the driver.,2.3
INC-2026-04712,2026-03-11T15:15,Energy,Substation Ålgård,Transformer cooling,ERR-7744,Critical,In Progress,Grid Operations,Transformer temperature trending high,Unit runs hotter than the others on the same bus under identical load.,,
INC-2026-04247,2026-01-13T23:45,Maritime,MV Nordlys,Fuel system,ERR-5140,Medium,Resolved,Bridge Systems,Uneven running on auxiliary engine,Power dips away and returns without anyone touching the controls.,Lift pump diaphragm perished. Renewed the pump and confirmed steady supply pressure.,8.2
INC-2026-04130,2026-08-03T18:00,Energy,Substation Rong,SCADA link,ERR-3310,Medium,Closed,Substation Field,Telemetry gap from remote site,Trend shows holes in the record overnight that filled themselves in by morning.,Polling interval too aggressive after a config change. Reverted to the previous setting.,6.5
INC-2026-04331,2026-05-13T07:15,Maritime,MV Havbris,Fuel system,ERR-5140,Medium,Resolved,Hull & Deck,Fuel pressure fluctuating on auxiliary engine,"Output is uneven under steady demand, with no alarm raised.",Lift pump diaphragm perished. Renewed the pump and confirmed steady supply pressure.,3.3
INC-2026-04288,2026-08-04T23:45,Energy,Substation Kollsnes,SCADA link,ERR-3310,Low,Resolved,SCADA,SCADA polling timeouts overnight,The site went quiet. Nothing came in until it suddenly caught up in one burst.,Polling interval too aggressive after a config change. Reverted to the previous setting.,11.2
INC-2026-04085,2026-05-20T09:15,Payments,Gateway West,Fraud scoring,ERR-4102,High,Resolved,Fraud Engineering,Fraud model scoring slowly,Scoring calls take several seconds where they normally return almost instantly.,Stale model artefact loaded on two nodes. Redeployed the correct version across the cluster.,13.2
INC-2026-04680,2026-06-10T01:30,Retail,Store 031 Bergen,Point of sale,ERR-6205,Medium,Closed,Store Systems,Checkout terminal restarting unexpectedly,"Unit reboots by itself a few times a day, always around the busiest hours.",Faulty power supply under load. Replaced the unit with no repeat over the following week.,6.4
INC-2026-04078,2026-03-31T06:30,Payments,Gateway Core,Settlement batch,ERR-4310,High,Closed,Fraud Engineering,End of day batch did not complete,"Nothing settled last night, and the counterparty has not received anything from us.",Trailing record count mismatch caused by a duplicated entry. Deduplicated and resubmitted.,8.2
INC-2026-04751,2026-02-13T13:00,Energy,Substation Fana,Protection relay,ERR-7120,Critical,Resolved,Grid Operations,Feeder lost supply without cause,"Protection operated during a routine switching sequence, with no damage identified downstream.",Relay setting group left on the commissioning profile. Restored operational settings.,4.3
INC-2026-04574,2026-07-03T10:00,Energy,Substation Rong,Transformer cooling,ERR-7744,Medium,Resolved,Substation Field,Unit running warmer than its neighbours,Unit runs hotter than the others on the same bus under identical load.,Blocked airflow from vegetation growth against the enclosure. Cleared and trimmed back.,21.1
INC-2026-04434,2026-02-06T14:30,Maritime,MV Kvitøy,Fuel system,ERR-5140,Medium,Resolved,Rotating Equipment,Fuel pressure fluctuating on auxiliary engine,Engine drops revs briefly every few minutes then recovers on its own.,Fuel filter partially blocked. Replaced the element and bled the system.,5.0
INC-2026-04848,2026-03-20T20:45,Maritime,MV Storfjord,Navigation display,ERR-2203,Medium,Closed,Rotating Equipment,Console blanking intermittently,"Screen locks up for around thirty seconds then returns on its own, several times per watch.",Firmware defect in the chart renderer. Applied vendor patch 4.2.1.,6.0
INC-2026-04669,2026-01-26T11:15,Retail,DC Vestby,Point of sale,ERR-6205,Medium,Resolved,Logistics,Lane out of service at peak,"Unit reboots by itself a few times a day, always around the busiest hours.",Faulty power supply under load. Replaced the unit with no repeat over the following week.,3.2
INC-2026-04024,2026-06-26T18:30,Payments,Gateway North,Settlement batch,ERR-4310,Medium,Resolved,Fraud Engineering,End of day batch did not complete,The run failed silently and was only noticed when the morning figures did not balance.,"Disk exhausted on the batch host mid write. Cleared space, added an alert and reran cleanly.",6.8
INC-2026-04658,2026-06-21T22:15,Payments,Gateway Core,Settlement batch,ERR-4310,High,Resolved,Core Banking,Settlement file rejected by clearing,Submission bounced. The totals at the end of it did not agree with the body.,Trailing record count mismatch caused by a duplicated entry. Deduplicated and resubmitted.,14.9
INC-2026-04382,2026-08-30T11:15,Maritime,MV Bergen Star,Navigation display,ERR-2203,Low,Resolved,Bridge Systems,Console blanking intermittently,"Image stalls and the vessel symbol stops moving, though position is clearly still changing.","Loose display cable at the bulkhead connector. Reseated and secured, no further dropouts.",5.0
INC-2026-04093,2026-02-24T22:00,Retail,Store 014 Oslo,Receipt printer,ERR-6250,Low,Resolved,Store Systems,Printing stops partway through a sale,"Paper feeds a few lines then gives up, leaving the customer with half a slip.",Paper sensor dirty and reporting empty. Cleaned and recalibrated.,1.7
INC-2026-04726,2026-08-17T00:45,Payments,Gateway North,Card authorisation,ERR-4001,Medium,In Progress,Core Banking,Authorisation success rate dropped,Support is fielding complaints that the payment page hangs and then gives up.,,
INC-2026-04450,2026-04-17T19:30,Payments,Gateway North,Card authorisation,ERR-4001,Critical,Resolved,Core Banking,Authorisation success rate dropped,"Customers say payment spins and then fails, and a retry usually works on the second attempt.",Upstream acquirer degraded. Failed over to the secondary route and rates recovered immediately.,5.2
INC-2026-04016,2026-04-12T05:45,Retail,Store 022 Trondheim,Point of sale,ERR-6205,Medium,Resolved,E-commerce,Lane out of service at peak,Screen stops accepting input at the worst moment and the sale has to be started again.,Thermal shutdown from blocked vents behind the counter. Relocated and cleaned.,2.1
INC-2026-04058,2026-05-07T09:15,Payments,Gateway Core,Card authorisation,ERR-4001,Medium,Resolved,Fraud Engineering,Elevated decline rate on card payments,"A fifth of attempts are bouncing back, where it is normally a rounding error.","Expired certificate on the acquirer link. Renewed and redeployed, success rate normalised.",3.2
INC-2026-04311,2026-05-19T03:30,Retail,Store 022 Trondheim,Inventory sync,ERR-6410,Medium,Resolved,Logistics,Online availability showing items that are sold out,"The nightly transfer arrived hours late, so morning picking worked from stale numbers.",Message queue backed up behind a poison message. Removed it and replayed the remainder.,6.2
INC-2026-04661,2026-08-06T18:30,Maritime,MV Havbris,Navigation display,ERR-2203,Medium,In Progress,Hull & Deck,Console blanking intermittently,Picture freezes mid update. Everything else on the bridge carries on as normal.,,
INC-2026-04530,2026-05-25T02:15,Payments,Scoring Cluster A,Fraud scoring,ERR-4102,Medium,In Progress,Core Banking,False positives spiking on new rule,Far more legitimate transactions are being held for review than usual since yesterday.,,
INC-2026-04444,2026-07-13T08:00,Retail,DC Larvik,Receipt printer,ERR-6250,Low,Closed,Logistics,No receipt at end of transaction,"Paper feeds a few lines then gives up, leaving the customer with half a slip.",Paper sensor dirty and reporting empty. Cleaned and recalibrated.,4.4
INC-2026-04145,2026-01-21T19:15,Payments,Gateway North,Settlement batch,ERR-4310,High,Resolved,Core Banking,End of day batch did not complete,Job died in the middle and had to be picked up again from where it gave out.,Downstream schema change not applied in our mapping. Updated the mapping and reran.,17.6
INC-2026-04035,2026-06-26T05:45,Energy,Substation Ålgård,Transformer cooling,ERR-7744,Medium,Closed,SCADA,Overtemperature warning during evening peak,Unit runs hotter than the others on the same bus under identical load.,Radiator fins heavily fouled. Cleaned and flushed to restore rated cooling capacity.,17.7
INC-2026-04003,2026-03-26T21:15,Maritime,MV Havbris,Fuel system,ERR-5140,High,Resolved,Rotating Equipment,Fuel pressure fluctuating on auxiliary engine,"Output is uneven under steady demand, with no alarm raised.",Lift pump diaphragm perished. Renewed the pump and confirmed steady supply pressure.,6.8
INC-2026-04864,2026-05-16T23:15,Energy,Substation Rong,Transformer cooling,ERR-7744,Critical,Resolved,SCADA,Unit running warmer than its neighbours,Thermal margin has been shrinking week on week and nobody can point at a cause.,Blocked airflow from vegetation growth against the enclosure. Cleared and trimmed back.,17.3
INC-2026-04957,2026-04-13T22:00,Retail,Store 014 Oslo,Inventory sync,ERR-6410,High,Resolved,Logistics,Counts disagree between systems,"The website is offering products the shelf does not actually have, and customers arrive to collect nothing.",Message queue backed up behind a poison message. Removed it and replayed the remainder.,12.1
INC-2026-04702,2026-02-15T07:00,Retail,Store 022 Trondheim,Point of sale,ERR-6205,High,Resolved,Store Systems,Lane out of service at peak,"Cuts out repeatedly once the shop fills up, never when it is quiet.",Thermal shutdown from blocked vents behind the counter. Relocated and cleaned.,3.1
INC-2026-04833,2026-02-03T16:45,Payments,Scoring Cluster A,Fraud scoring,ERR-4102,Medium,Resolved,Fraud Engineering,Review queue backing up,"Overnight job still running well into the morning, leaving downstream reports delayed.",Threshold misconfigured during deployment. Corrected and validated against the holdout set.,5.0
INC-2026-04757,2026-06-11T21:00,Retail,Store 031 Bergen,Receipt printer,ERR-6250,Low,Resolved,Logistics,Receipt printer not responding,No paper comes through even though everything else about the sale worked.,Printer driver incompatible with the latest POS release. Rolled back the driver.,0.7
INC-2026-04514,2026-04-14T08:00,Retail,DC Vestby,Point of sale,ERR-6205,Medium,Resolved,E-commerce,Lane out of service at peak,"It gives up under pressure. Quiet mornings are fine, Saturday afternoon is not.",Thermal shutdown from blocked vents behind the counter. Relocated and cleaned.,1.3
INC-2026-04569,2026-02-01T20:30,Energy,Substation Rong,Protection relay,ERR-7120,High,Closed,SCADA,Unexpected breaker trip on feeder,Breaker opened on its own. Walked the route and found nothing wrong.,Current transformer wiring reversed on one phase after maintenance. Corrected and tested.,13.3
INC-2026-04761,2026-07-15T05:30,Maritime,MV Nordlys,Navigation display,ERR-2203,Medium,Closed,Bridge Systems,Console blanking intermittently,"Screen locks up for around thirty seconds then returns on its own, several times per watch.",Firmware defect in the chart renderer. Applied vendor patch 4.2.1.,4.9
INC-2026-04050,2026-02-15T07:30,Retail,DC Larvik,Receipt printer,ERR-6250,Medium,Resolved,E-commerce,Printing stops partway through a sale,No paper comes through even though everything else about the sale worked.,Worn feed roller slipping under load. Replaced the roller assembly.,2.8
INC-2026-04265,2026-01-16T02:00,Payments,Gateway West,Settlement batch,ERR-4310,Medium,Resolved,Payments Platform,End of day batch did not complete,"Clearing would not take the submission, so nothing landed where it should have.","Disk exhausted on the batch host mid write. Cleared space, added an alert and reran cleanly.",11.0
INC-2026-04997,2026-06-10T14:15,Energy,Substation Ålgård,Transformer cooling,ERR-7744,High,Resolved,SCADA,Transformer temperature trending high,"It is noticeably warmer to stand next to than the one beside it, carrying the same current.","Two cooling fans had failed. Replaced both, temperature returned to its normal profile within the hour.",14.3
INC-2026-04405,2026-04-14T02:30,Energy,Substation Rong,Transformer cooling,ERR-7744,High,Resolved,Grid Operations,Unit running warmer than its neighbours,"Gradual rise on the trend, small each day, obvious across a month.","Two cooling fans had failed. Replaced both, temperature returned to its normal profile within the hour.",16.0
INC-2026-04459,2026-03-18T23:00,Energy,Substation Fana,SCADA link,ERR-3310,Medium,Resolved,Grid Operations,Telemetry gap from remote site,Trend shows holes in the record overnight that filled themselves in by morning.,Radio link degraded by weather. Repointed the antenna and improved the margin.,9.1
INC-2026-04704,2026-01-10T01:15,Energy,Substation Ålgård,Transformer cooling,ERR-7744,Medium,Resolved,SCADA,Unit running warmer than its neighbours,Control room sees the figure drifting upward and not recovering during the quiet hours.,Radiator fins heavily fouled. Cleaned and flushed to restore rated cooling capacity.,15.2
INC-2026-04883,2026-03-29T01:15,Payments,Gateway West,Card authorisation,ERR-4001,Critical,Closed,Fraud Engineering,Elevated decline rate on card payments,"More transactions than normal are being turned away, with no pattern by card type or issuer.",Connection pool exhausted after a traffic spike. Raised the pool size and added backpressure.,1.4
INC-2026-04391,2026-05-16T01:30,Retail,Store 014 Oslo,Receipt printer,ERR-6250,Medium,Resolved,Logistics,Printing stops partway through a sale,Staff hand over a torn stub because the machine quit in the middle of it.,Worn feed roller slipping under load. Replaced the roller assembly.,3.8
INC-2026-04132,2026-07-31T00:00,Retail,Store 014 Oslo,Receipt printer,ERR-6250,Medium,Resolved,E-commerce,Receipt printer not responding,Staff hand over a torn stub because the machine quit in the middle of it.,Worn feed roller slipping under load. Replaced the roller assembly.,2.8
INC-2026-04252,2026-07-06T20:15,Energy,Substation Kollsnes,SCADA link,ERR-3310,Medium,Resolved,Grid Operations,Telemetry gap from remote site,"Intermittent loss of contact with the outstation, several short gaps through the evening.",Failing media converter at the site end. Swapped the unit and the gaps stopped.,2.3
INC-2026-04830,2026-02-21T06:00,Maritime,MV Havbris,Navigation display,ERR-2203,Medium,Closed,Hull & Deck,Chart display freezing on bridge console,"Goes black for a moment, then paints itself back in as if nothing happened.",Firmware defect in the chart renderer. Applied vendor patch 4.2.1.,2.0
INC-2026-04881,2026-07-04T05:30,Energy,Substation Rong,Transformer cooling,ERR-7744,High,In Progress,SCADA,Overtemperature warning during evening peak,"Sits several degrees above where it has historically run, with load unchanged.",,
INC-2026-04956,2026-04-16T05:45,Energy,Substation Kollsnes,SCADA link,ERR-3310,Low,Closed,SCADA,Telemetry gap from remote site,Data stopped arriving during the night shift and backfilled automatically once the link recovered.,Radio link degraded by weather. Repointed the antenna and improved the margin.,3.7
